,step,Tanimoto_ROCS_sim,Custom_alerts,Linker_Num_Aromatic_Rings,Linker_Effective_Length,ADV,PostDock_Tanimoto_ROCS_sim,raw_Linker_Num_Aromatic_Rings,raw_Linker_Effective_Length,raw_ADV,Valid_SMILES,Number_of_SMILES_found,Average_score
0,0,0.2274167388677597,0.8064516186714172,0.8924731016159058,0.23655913770198822,0.596329391002655,0.6485426425933838,0.698924720287323,14.602150917053223,-4.086989402770996,100.0,84.0,0.412845253944397
1,1,0.22082747519016266,0.8070175647735596,0.9824561476707458,0.24561403691768646,0.984939455986023,0.731108546257019,0.21052631735801697,5.245614051818848,-14.601544380187988,100.0,118.0,0.329479455947876
2,2,0.23902511596679688,0.9012345671653748,1.0,0.4197530746459961,0.959679126739502,0.7601010203361511,0.6172839403152466,6.666666507720947,-13.591863632202148,100.0,165.0,0.4010961055755615
3,3,0.22032180428504944,0.9090909361839294,0.9797979593276978,0.3232323229312897,0.7731675505638123,0.7594026327133179,0.6767676472663879,9.929292678833008,-7.85427188873291,98.98989868164062,244.0,0.4942389726638794
4,4,0.2315838634967804,0.9200000166893005,0.9399999976158142,0.4000000059604645,0.7680838108062744,0.7924542427062988,0.8500000238418579,9.949999809265137,-5.192380428314209,98.0,331.0,0.5781892538070679
5,5,0.22973327338695526,0.8899999856948853,0.8799999952316284,0.23999999463558197,0.5510991811752319,0.6386362314224243,0.9700000286102295,12.399999618530273,-0.5030499696731567,96.0,421.0,0.47507885098457336
6,6,0.2469794601202011,0.9700000286102295,0.9900000095367432,0.4699999988079071,0.7940978407859802,0.7900076508522034,0.8999999761581421,10.880000114440918,-7.134950160980225,100.0,509.0,0.6311901211738586
7,7,0.25012773275375366,0.9595959782600403,0.9797979593276978,0.5151515007019043,0.8398917317390442,0.8211771845817566,0.9090909361839294,9.373737335205078,-9.074111938476562,98.98989868164062,590.0,0.6053209900856018
8,8,0.25060921907424927,0.9399999976158142,0.9700000286102295,0.6499999761581421,0.9083765149116516,0.8615907430648804,0.8700000047683716,7.440000057220459,-10.821538925170898,97.0,671.0,0.6777284741401672
9,9,0.24734318256378174,0.9479166865348816,1.0,0.59375,0.8925692439079285,0.8191720843315125,0.8645833134651184,8.0,-10.78153133392334,100.0,740.0,0.5214440226554871
10,10,0.25511786341667175,0.9784946441650391,0.9677419066429138,0.774193525314331,0.9183028936386108,0.8911262154579163,0.9677419066429138,7.6021504402160645,-12.138172149658203,97.8494644165039,798.0,0.4662003517150879
11,11,0.2473142296075821,0.9896907210350037,0.9793814420700073,0.6185566782951355,0.9385019540786743,0.9002566933631897,0.9587628841400146,7.422680377960205,-12.580794334411621,98.96907043457031,871.0,0.5476481914520264
12,12,0.23630574345588684,0.9387755393981934,0.9693877696990967,0.4897959232330322,0.9022184014320374,0.8121024966239929,0.8163265585899353,6.86734676361084,-12.028634071350098,96.93877410888672,951.0,0.49273568391799927
13,13,0.22891031205654144,0.9387755393981934,0.9693877696990967,0.6326530575752258,0.933271586894989,0.8409096598625183,0.8265306353569031,6.959183692932129,-12.585121154785156,96.93877410888672,1029.0,0.6105738282203674
14,14,0.2295651137828827,0.9693877696990967,0.9693877696990967,0.6224489808082581,0.9138656854629517,0.8561829328536987,0.8571428656578064,7.102040767669678,-11.708102226257324,96.93877410888672,1113.0,0.6392214298248291
15,15,0.23631355166435242,0.9300000071525574,0.9599999785423279,0.6000000238418579,0.8393487334251404,0.7921907305717468,0.7900000214576721,7.449999809265137,-10.051279067993164,96.0,1203.0,0.6100394129753113
16,16,0.240803524851799,0.9387755393981934,0.9591836929321289,0.5918367505073547,0.8268608450889587,0.7940241694450378,0.8469387888908386,8.285714149475098,-9.259243965148926,95.91836547851562,1290.0,0.6678115725517273
17,17,0.24037553369998932,0.9684210419654846,0.9789473414421082,0.3052631616592407,0.8855801224708557,0.7506729960441589,0.8315789699554443,6.684210300445557,-11.478715896606445,97.89473724365234,1375.0,0.6562981605529785
18,18,0.22434820234775543,0.9489796161651611,0.9489796161651611,0.3163265287876129,0.8770096302032471,0.774228572845459,0.8061224222183228,6.0,-11.478744506835938,95.91836547851562,1458.0,0.6444796919822693
19,19,0.23360675573349,0.9595959782600403,0.9696969985961914,0.24242424964904785,0.8938322067260742,0.7751334309577942,0.7777777910232544,6.404040336608887,-12.334909439086914,96.96969604492188,1545.0,0.6365314722061157
20,20,0.2278614193201065,0.9399999976158142,0.949999988079071,0.4000000059604645,0.8200503587722778,0.7143353223800659,0.7900000214576721,7.46999979019165,-9.706500053405762,95.0,1632.0,0.6234623193740845
21,21,0.23288141191005707,0.9591836929321289,0.9489796161651611,0.3877550959587097,0.8515989184379578,0.7744201421737671,0.918367326259613,7.9795918464660645,-9.87928581237793,96.93877410888672,1720.0,0.6507056355476379
22,22,0.24137353897094727,0.9900000095367432,1.0,0.4399999976158142,0.7990757822990417,0.7743650078773499,0.9200000166893005,8.989999771118164,-8.112410545349121,100.0,1814.0,0.6384056210517883
23,23,0.2284807711839676,0.9599999785423279,0.9599999785423279,0.20000000298023224,0.6888583898544312,0.7606552243232727,0.8199999928474426,10.399999618530273,-5.820889472961426,96.0,1907.0,0.6057366728782654
24,24,0.2353907972574234,0.9900000095367432,0.9700000286102295,0.27000001072883606,0.7592076063156128,0.7136865854263306,0.9700000286102295,9.630000114440918,-7.599640369415283,99.0,2002.0,0.6097216010093689
25,25,0.2361782044172287,0.9700000286102295,0.949999988079071,0.38999998569488525,0.7790440320968628,0.6967833638191223,0.8999999761581421,9.720000267028809,-7.920479774475098,97.0,2097.0,0.6669333577156067
26,26,0.2326992154121399,0.9800000190734863,0.9599999785423279,0.41999998688697815,0.8399585485458374,0.8040845990180969,0.8899999856948853,8.9399995803833,-9.637168884277344,98.0,2195.0,0.748548150062561
27,27,0.21780918538570404,0.9300000071525574,0.9200000166893005,0.4399999976158142,0.8366971611976624,0.8039224743843079,0.949999988079071,8.779999732971191,-9.295809745788574,95.0,2286.0,0.6832901239395142
28,28,0.23094864189624786,0.9700000286102295,0.9300000071525574,0.6200000047683716,0.8996894955635071,0.8061225414276123,1.0099999904632568,7.679999828338623,-11.392200469970703,98.0,2373.0,0.6057056188583374
29,29,0.23635338246822357,0.9898989796638489,0.9898989796638489,0.4444444477558136,0.9455201625823975,0.8397377729415894,0.9898989796638489,7.404040336608887,-12.348788261413574,100.0,2462.0,0.6791563630104065
30,30,0.23300133645534515,0.9696969985961914,0.9595959782600403,0.5252525210380554,0.9216552376747131,0.8551580905914307,1.0,8.020201683044434,-12.009998321533203,100.0,2543.0,0.6254483461380005
31,31,0.238251730799675,0.9494949579238892,0.939393937587738,0.5454545617103577,0.9182177186012268,0.8378914594650269,0.9898989796638489,7.7373738288879395,-11.793807983398438,97.97979736328125,2631.0,0.6952412724494934
32,32,0.21999071538448334,0.9595959782600403,0.939393937587738,0.34343433380126953,0.7688593864440918,0.7671495676040649,0.9797979593276978,8.909090995788574,-7.113979816436768,96.96969604492188,2718.0,0.6032571792602539
33,33,0.22375494241714478,0.9800000190734863,0.9900000095367432,0.44999998807907104,0.8105194568634033,0.7170410752296448,0.9100000262260437,9.0600004196167,-9.058479309082031,99.0,2814.0,0.7097353339195251
34,34,0.20850124955177307,0.949999988079071,0.9399999976158142,0.5299999713897705,0.8600075244903564,0.7888453006744385,0.9700000286102295,8.510000228881836,-10.268599510192871,97.0,2908.0,0.7092626690864563
35,35,0.21885892748832703,0.9693877696990967,0.9591836929321289,0.5510203838348389,0.8662607073783875,0.8207166790962219,0.9489796161651611,8.642857551574707,-10.21939754486084,96.93877410888672,2992.0,0.6824079751968384
36,36,0.22965213656425476,1.0,0.9700000286102295,0.5199999809265137,0.8540129661560059,0.8235827684402466,1.0,9.130000114440918,-9.550808906555176,100.0,3088.0,0.7384822964668274
37,37,0.22278502583503723,0.9595959782600403,0.9494949579238892,0.5252525210380554,0.8593747019767761,0.8288914561271667,0.9595959782600403,8.76767635345459,-9.880515098571777,96.96969604492188,3172.0,0.6615723371505737
38,38,0.21357804536819458,0.939393937587738,0.939393937587738,0.4141414165496826,0.8017719388008118,0.7670846581459045,0.9595959782600403,9.666666984558105,-9.080050468444824,95.9595947265625,3264.0,0.6888658404350281
39,39,0.2115759402513504,0.9100000262260437,0.9100000262260437,0.5,0.8298845887184143,0.7961411476135254,0.8999999761581421,8.430000305175781,-10.173040390014648,91.0,3347.0,0.6906017065048218
40,40,0.22454868257045746,0.9696969985961914,0.9494949579238892,0.6565656661987305,0.8522986173629761,0.8236681818962097,1.0,8.666666984558105,-10.24174690246582,97.97979736328125,3435.0,0.7260718941688538
41,41,0.23269863426685333,0.9895833134651184,0.9583333134651184,0.7083333134651184,0.9249030947685242,0.8620030879974365,1.0104166269302368,8.28125,-11.856343269348145,98.95833587646484,3521.0,0.7705888748168945
42,42,0.22407400608062744,0.9897959232330322,0.9897959232330322,0.7244898080825806,0.9367069602012634,0.905356764793396,0.9693877696990967,8.438775062561035,-11.818949699401855,98.9795913696289,3607.0,0.7808367609977722
43,43,0.22669044137001038,0.949999988079071,0.9300000071525574,0.6600000262260437,0.8605985045433044,0.7993032932281494,0.9599999785423279,8.210000038146973,-10.396269798278809,96.0,3694.0,0.7164402008056641
44,44,0.23344555497169495,0.9587628841400146,0.9793814420700073,0.6907216310501099,0.927371621131897,0.8930679559707642,0.9587628841400146,7.54639196395874,-11.787577629089355,97.93814086914062,3773.0,0.7013566493988037
45,45,0.22485387325286865,0.969072163105011,0.9484536051750183,0.7010309100151062,0.8757531642913818,0.8178671598434448,0.9587628841400146,7.659793853759766,-10.358298301696777,96.90721893310547,3854.0,0.709531307220459
46,46,0.22613458335399628,0.9599999785423279,0.9599999785423279,0.6299999952316284,0.8859018087387085,0.8548082709312439,0.8899999856948853,7.849999904632568,-11.241109848022461,97.0,3946.0,0.776131272315979
47,47,0.22720693051815033,1.0,0.9898989796638489,0.6161616444587708,0.9504344463348389,0.8956241607666016,0.9696969985961914,7.242424011230469,-12.46438217163086,100.0,4029.0,0.7194250226020813
48,48,0.21967367827892303,0.949999988079071,0.949999988079071,0.46000000834465027,0.8815457224845886,0.7936540842056274,0.8899999856948853,6.670000076293945,-11.836779594421387,96.0,4123.0,0.7441193461418152
49,49,0.21425151824951172,0.949999988079071,0.9399999976158142,0.6899999976158142,0.8597856760025024,0.8069417476654053,0.9399999976158142,7.610000133514404,-10.485140800476074,95.0,4212.0,0.7648502588272095
50,50,0.21086697280406952,0.949999988079071,0.9300000071525574,0.6000000238418579,0.8524686694145203,0.7587177157402039,0.8999999761581421,7.480000019073486,-10.886848449707031,95.0,4306.0,0.7754173874855042
51,51,0.22870899736881256,0.9700000286102295,0.9599999785423279,0.5299999713897705,0.8265838623046875,0.8070749044418335,0.9300000071525574,8.779999732971191,-9.503009796142578,97.0,4402.0,0.7710785865783691
52,52,0.22444035112857819,0.949999988079071,0.9100000262260437,0.6000000238418579,0.9154437184333801,0.8747622966766357,1.0099999904632568,7.230000019073486,-11.767400741577148,97.0,4494.0,0.765594482421875
53,53,0.21404603123664856,0.9292929172515869,0.9292929172515869,0.4848484992980957,0.8713688850402832,0.8364594578742981,0.9494949579238892,6.838383674621582,-11.396514892578125,94.94949340820312,4579.0,0.6830978393554688
54,54,0.22062812745571136,0.969072163105011,0.969072163105011,0.49484536051750183,0.9192805886268616,0.8558676838874817,0.9587628841400146,6.876288890838623,-11.997370719909668,96.90721893310547,4667.0,0.7563655972480774
55,55,0.21788039803504944,0.949999988079071,0.949999988079071,0.4000000059604645,0.9322790503501892,0.8319923281669617,0.9599999785423279,6.309999942779541,-12.767390251159668,96.0,4749.0,0.6627790331840515
56,56,0.22135929763317108,0.9800000190734863,0.9700000286102295,0.5699999928474426,0.9330306053161621,0.8836719393730164,0.9800000190734863,6.849999904632568,-12.571529388427734,98.0,4839.0,0.7701089978218079
57,57,0.22067397832870483,0.9898989796638489,0.9797979593276978,0.4545454680919647,0.9684618711471558,0.8837977051734924,1.0,6.454545497894287,-13.353080749511719,98.98989868164062,4925.0,0.7181331515312195
58,58,0.23252303898334503,0.9700000286102295,0.949999988079071,0.5099999904632568,0.9509053826332092,0.8876255750656128,1.0099999904632568,6.699999809265137,-12.813170433044434,98.0,5013.0,0.7308904528617859
59,59,0.22170130908489227,0.9696969985961914,0.9898989796638489,0.5555555820465088,0.9495946764945984,0.8922340869903564,0.9898989796638489,6.686868667602539,-12.953675270080566,98.98989868164062,5096.0,0.6999621391296387
60,60,0.21922966837882996,1.0,0.9898989796638489,0.49494948983192444,0.9492188096046448,0.9074998497962952,1.0101009607315063,6.7272725105285645,-12.889182090759277,100.0,5176.0,0.673865556716919
61,61,0.21907350420951843,0.9700000286102295,0.9300000071525574,0.5799999833106995,0.9102409482002258,0.8507837653160095,1.0099999904632568,6.699999809265137,-12.362059593200684,97.0,5255.0,0.6772904992103577
62,62,0.2154722660779953,0.9700000286102295,0.9700000286102295,0.7200000286102295,0.8319143652915955,0.7708104848861694,0.9900000095367432,7.630000114440918,-10.095290184020996,98.0,5341.0,0.7118399739265442
63,63,0.20733529329299927,0.9591836929321289,0.9081632494926453,0.6836734414100647,0.8164149522781372,0.7754498720169067,1.0102040767669678,7.306122303009033,-10.286937713623047,95.91836547851562,5430.0,0.7562412619590759
64,64,0.20608171820640564,0.9599999785423279,0.9300000071525574,0.7799999713897705,0.7728280425071716,0.778939425945282,0.9900000095367432,7.730000019073486,-8.645719528198242,96.0,5522.0,0.7636706829071045
65,65,0.20811037719249725,0.8999999761581421,0.8500000238418579,0.6700000166893005,0.7505406141281128,0.7176740169525146,0.9700000286102295,7.610000133514404,-8.778429985046387,91.0,5612.0,0.7029355764389038
66,66,0.2179468274116516,0.9200000166893005,0.9300000071525574,0.6899999976158142,0.7652087211608887,0.7401418089866638,0.9300000071525574,7.909999847412109,-8.734970092773438,94.0,5704.0,0.7483043670654297
67,67,0.2286902666091919,0.9599999785423279,0.9200000166893005,0.7300000190734863,0.8311029076576233,0.7918999195098877,1.0199999809265137,8.210000038146973,-9.863750457763672,97.0,5799.0,0.798322319984436
68,68,0.2043711543083191,0.949999988079071,0.8999999761581421,0.5699999928474426,0.7157564759254456,0.7025836706161499,1.0,8.720000267028809,-7.645059585571289,95.0,5893.0,0.7121362090110779
69,69,0.22872236371040344,0.9700000286102295,0.9599999785423279,0.8100000023841858,0.9097720384597778,0.8498748540878296,0.9900000095367432,7.639999866485596,-11.119220733642578,98.0,5989.0,0.8332021236419678
70,70,0.2324291318655014,1.0,0.9898989796638489,0.747474730014801,0.9379846453666687,0.8739378452301025,1.0101009607315063,8.010101318359375,-11.36264705657959,100.0,6083.0,0.8428760766983032
71,71,0.2209618240594864,0.9800000190734863,0.9599999785423279,0.6399999856948853,0.9127228260040283,0.8481616973876953,0.9800000190734863,7.300000190734863,-11.669658660888672,99.0,6178.0,0.8030771017074585
72,72,0.22986847162246704,0.9700000286102295,0.9599999785423279,0.7300000190734863,0.8509540557861328,0.8102124929428101,0.9700000286102295,7.53000020980835,-10.363690376281738,97.0,6267.0,0.7688955664634705
73,73,0.23277656733989716,1.0,1.0,0.8399999737739563,0.9507833123207092,0.8827571272850037,0.9900000095367432,7.659999847412109,-11.671670913696289,100.0,6362.0,0.8714578151702881
74,74,0.22029456496238708,0.9800000190734863,0.9900000095367432,0.7400000095367432,0.9414713382720947,0.9002149105072021,0.949999988079071,7.179999828338623,-11.64548110961914,99.0,6457.0,0.8489877581596375
75,75,0.2282925844192505,1.0,1.0,0.7400000095367432,0.9439162611961365,0.9037615060806274,0.9900000095367432,7.590000152587891,-12.165840148925781,100.0,6551.0,0.831650972366333
76,76,0.23110368847846985,1.0,0.9900000095367432,0.8199999928474426,0.9184292554855347,0.8702447414398193,1.0,8.3100004196167,-10.841041564941406,100.0,6645.0,0.8440644145011902
77,77,0.22589698433876038,1.0,0.9800000190734863,0.7099999785423279,0.9302513003349304,0.8877573609352112,1.0,7.460000038146973,-11.531230926513672,100.0,6739.0,0.8279774188995361
78,78,0.22841978073120117,1.0,1.0,0.7300000190734863,0.9254578351974487,0.8924110531806946,0.9700000286102295,8.020000457763672,-10.910369873046875,100.0,6837.0,0.8673280477523804
79,79,0.2310013622045517,1.0,0.9897959232330322,0.7244898080825806,0.9346520304679871,0.8637658953666687,0.9489796161651611,7.969387531280518,-11.636947631835938,100.0,6926.0,0.7868028879165649
80,80,0.2266530990600586,1.0,1.0,0.7857142686843872,0.9083571434020996,0.8641649484634399,0.9693877696990967,8.204081535339355,-10.67220401763916,100.0,7019.0,0.8293046951293945
81,81,0.2257884293794632,1.0,1.0,0.8144329786300659,0.9163452386856079,0.8209165334701538,0.9793814420700073,7.8144330978393555,-11.347050666809082,100.0,7108.0,0.8111537098884583
82,82,0.22220547497272491,1.0,1.0,0.7777777910232544,0.9062734842300415,0.8251053094863892,0.9595959782600403,7.767676830291748,-11.228282928466797,100.0,7194.0,0.7578791379928589
83,83,0.21583735942840576,0.9494949579238892,0.9494949579238892,0.7575757503509521,0.8561754822731018,0.7630026936531067,0.9090909361839294,7.242424011230469,-10.521585464477539,94.94949340820312,7284.0,0.7985302805900574
84,84,0.2219872772693634,0.9795918464660645,0.9795918464660645,0.795918345451355,0.8823837041854858,0.8361380696296692,0.9591836929321289,7.857142925262451,-10.851724624633789,97.95918273925781,7364.0,0.7236648201942444
85,85,0.21707957983016968,0.9700000286102295,0.9900000095367432,0.800000011920929,0.8679900169372559,0.8192391395568848,0.9100000262260437,7.860000133514404,-10.681069374084473,99.0,7454.0,0.7659178376197815
86,86,0.22450923919677734,1.0,0.9900000095367432,0.6299999952316284,0.8831378221511841,0.8120459914207458,0.9599999785423279,7.769999980926514,-10.01913070678711,100.0,7551.0,0.804299533367157
87,87,0.22799548506736755,0.9700000286102295,0.9900000095367432,0.7900000214576721,0.9143760204315186,0.8708154559135437,0.9399999976158142,7.650000095367432,-11.334149360656738,99.0,7643.0,0.8056351542472839
88,88,0.22309842705726624,0.9900000095367432,0.9900000095367432,0.8100000023841858,0.8794233798980713,0.8328524827957153,0.9399999976158142,7.429999828338623,-10.523140907287598,99.0,7737.0,0.798977792263031
89,89,0.21697334945201874,0.9700000286102295,0.9700000286102295,0.7599999904632568,0.8216999173164368,0.810271143913269,0.8500000238418579,7.769999980926514,-8.266329765319824,98.0,7828.0,0.7316848635673523
90,90,0.21263928711414337,0.9700000286102295,0.9900000095367432,0.7599999904632568,0.8212130665779114,0.7903196811676025,0.9599999785423279,8.050000190734863,-9.540789604187012,99.0,7916.0,0.6836066246032715
91,91,0.2255316972732544,0.9900000095367432,0.9700000286102295,0.7900000214576721,0.8377910852432251,0.8373140096664429,0.9900000095367432,8.069999694824219,-9.369889259338379,99.0,8008.0,0.6998056769371033
92,92,0.21067358553409576,0.9399999976158142,0.9599999785423279,0.7900000214576721,0.8019407391548157,0.7308459281921387,0.8600000143051147,7.53000020980835,-8.918819427490234,96.0,8101.0,0.7452005743980408
93,93,0.22390885651111603,0.9800000190734863,1.0,0.75,0.8910038471221924,0.8626587390899658,0.9200000166893005,7.800000190734863,-10.226550102233887,100.0,8198.0,0.7721904516220093
94,94,0.22580201923847198,0.9800000190734863,0.9700000286102295,0.7699999809265137,0.8795597553253174,0.8194605112075806,0.8600000143051147,7.840000152587891,-10.063220024108887,98.0,8293.0,0.7154001593589783
95,95,0.2219409942626953,0.9700000286102295,0.9700000286102295,0.7099999785423279,0.8162272572517395,0.8056089282035828,0.800000011920929,8.010000228881836,-9.042281150817871,98.0,8391.0,0.7763243913650513
96,96,0.23184062540531158,0.9700000286102295,0.9800000190734863,0.5799999833106995,0.8244099617004395,0.8118144273757935,0.8700000047683716,7.610000133514404,-9.946730613708496,98.0,8485.0,0.7521692514419556
97,97,0.21960784494876862,0.9300000071525574,0.9599999785423279,0.699999988079071,0.865689218044281,0.8286953568458557,0.8299999833106995,7.820000171661377,-10.189690589904785,97.0,8576.0,0.7232151031494141
98,98,0.2123834192752838,0.9599999785423279,0.9599999785423279,0.6600000262260437,0.8394681811332703,0.7793428301811218,0.8199999928474426,7.170000076293945,-10.288688659667969,96.0,8665.0,0.7145369052886963
99,99,0.2300749272108078,0.9399999976158142,0.9700000286102295,0.6000000238418579,0.8894675970077515,0.825247049331665,0.8100000023841858,7.159999847412109,-11.177821159362793,99.0,8756.0,0.6885853409767151
100,100,0.2380628138780594,1.0,0.9900000095367432,0.6200000047683716,0.9022933840751648,0.8354544043540955,0.7400000095367432,6.949999809265137,-11.0960693359375,100.0,8853.0,0.7510926723480225
101,101,0.22916419804096222,0.9300000071525574,1.0,0.5400000214576721,0.8812806010246277,0.8243484497070312,0.8199999928474426,7.079999923706055,-10.242070198059082,100.0,8942.0,0.5775827169418335
102,102,0.2295239269733429,0.9900000095367432,0.9800000190734863,0.5899999737739563,0.8974517583847046,0.8381658792495728,0.8199999928474426,6.900000095367432,-11.490199089050293,99.0,9030.0,0.6412782073020935
103,103,0.22159530222415924,0.9795918464660645,0.9897959232330322,0.5102040767669678,0.912717342376709,0.8224106431007385,0.7653061151504517,6.459183692932129,-11.823654174804688,98.9795913696289,9116.0,0.554305911064148
104,104,0.22637733817100525,0.949999988079071,0.9800000190734863,0.5099999904632568,0.9087358117103577,0.826702356338501,0.6200000047683716,6.5,-11.849800109863281,98.0,9203.0,0.6288270354270935
105,105,0.23366770148277283,0.9696969985961914,0.9898989796638489,0.5353535413742065,0.9246894717216492,0.8613033294677734,0.6161616444587708,6.595959663391113,-12.245100975036621,98.98989868164062,9287.0,0.6389076709747314
106,106,0.23860041797161102,0.9595959782600403,0.9696969985961914,0.5050504803657532,0.9476783871650696,0.9026283621788025,0.6767676472663879,6.595959663391113,-12.287101745605469,98.98989868164062,9376.0,0.659981369972229
107,107,0.21790380775928497,0.9700000286102295,0.9599999785423279,0.5299999713897705,0.8788398504257202,0.8222908973693848,0.6299999952316284,6.449999809265137,-11.40557861328125,97.0,9469.0,0.707409143447876
108,108,0.21483801305294037,0.9494949579238892,0.9494949579238892,0.4040403962135315,0.8768677115440369,0.810523509979248,0.5757575631141663,6.252525329589844,-11.6633939743042,95.9595947265625,9558.0,0.6477161645889282
109,109,0.23851904273033142,0.9599999785423279,0.9900000095367432,0.5400000214576721,0.8991668820381165,0.8563346862792969,0.5899999737739563,7.039999961853027,-11.68720817565918,99.0,9653.0,0.7267875671386719
110,110,0.23288249969482422,0.9599999785423279,0.9700000286102295,0.6299999952316284,0.9241772294044495,0.8490722179412842,0.6200000047683716,7.289999961853027,-11.961600303649902,100.0,9751.0,0.7474011182785034
111,111,0.22265109419822693,0.9399999976158142,0.9599999785423279,0.46000000834465027,0.9048506021499634,0.8208355903625488,0.6200000047683716,6.929999828338623,-11.979140281677246,98.0,9841.0,0.6570698022842407
112,112,0.2213299572467804,0.9100000262260437,0.9399999976158142,0.5199999809265137,0.8860176205635071,0.8384268879890442,0.6200000047683716,6.579999923706055,-11.626121520996094,94.0,9931.0,0.6444060802459717
113,113,0.23072323203086853,0.8899999856948853,0.9800000190734863,0.5799999833106995,0.9187284111976624,0.8879007697105408,0.4300000071525574,7.079999923706055,-11.994610786437988,99.0,10027.0,0.6830926537513733
114,114,0.23022504150867462,0.918367326259613,0.9489796161651611,0.4897959232330322,0.8664920330047607,0.805308997631073,0.5918367505073547,6.959183692932129,-10.70166301727295,95.91836547851562,10120.0,0.7051264643669128
115,115,0.23531518876552582,0.949999988079071,0.9900000095367432,0.6100000143051147,0.9266496300697327,0.8786247372627258,0.5899999737739563,7.789999961853027,-11.774311065673828,99.0,10218.0,0.7721834778785706
116,116,0.2388322800397873,0.9599999785423279,0.9800000190734863,0.5799999833106995,0.9135695695877075,0.8686274886131287,0.6399999856948853,7.619999885559082,-11.857979774475098,98.0,10315.0,0.7807527780532837
117,117,0.23241141438484192,0.939393937587738,0.9696969985961914,0.6262626051902771,0.8502087593078613,0.8483936786651611,0.5858585834503174,7.454545497894287,-10.56786823272705,96.96969604492188,10409.0,0.784204363822937
118,118,0.22500111162662506,0.949999988079071,0.9599999785423279,0.5,0.8125899434089661,0.8042898774147034,0.5199999809265137,7.730000019073486,-9.76928997039795,97.0,10505.0,0.7485244870185852
119,119,0.243138387799263,0.9399999976158142,0.9900000095367432,0.7200000286102295,0.9225500226020813,0.8620104193687439,0.6700000166893005,8.170000076293945,-11.341419219970703,100.0,10604.0,0.798258900642395
120,120,0.2371816188097,0.9700000286102295,0.9900000095367432,0.6700000166893005,0.8959612846374512,0.8269878625869751,0.6399999856948853,8.329999923706055,-10.753439903259277,99.0,10702.0,0.8063633441925049
121,121,0.2432929426431656,0.949999988079071,0.9599999785423279,0.5899999737739563,0.8513687252998352,0.7965344786643982,0.6899999976158142,8.619999885559082,-9.505080223083496,98.0,10799.0,0.7555375099182129
122,122,0.2341981828212738,0.9700000286102295,0.9700000286102295,0.6000000238418579,0.8863418102264404,0.8363134264945984,0.6499999761581421,8.079999923706055,-10.910600662231445,98.0,10895.0,0.7888750433921814
123,123,0.2210964411497116,0.8899999856948853,0.9100000262260437,0.5799999833106995,0.7727277278900146,0.7501729726791382,0.6800000071525574,7.690000057220459,-7.7796196937561035,91.0,10982.0,0.6818567514419556
124,124,0.23959600925445557,0.8979591727256775,0.918367326259613,0.7244898080825806,0.8828527331352234,0.8412572145462036,0.6632652878761292,7.81632661819458,-11.453203201293945,95.91836547851562,11071.0,0.7108515501022339
125,125,0.23138579726219177,0.9599999785423279,0.9399999976158142,0.6000000238418579,0.8689335584640503,0.831676185131073,0.7200000286102295,7.599999904632568,-9.993099212646484,97.0,11159.0,0.694169819355011
126,126,0.23911882936954498,0.9599999785423279,0.9900000095367432,0.6200000047683716,0.8984543681144714,0.8660938739776611,0.6899999976158142,8.539999961853027,-11.2908296585083,99.0,11254.0,0.7826194763183594
127,127,0.24392211437225342,0.949999988079071,0.9599999785423279,0.6499999761581421,0.9005522727966309,0.8633373975753784,0.6600000262260437,7.840000152587891,-11.092540740966797,98.0,11345.0,0.7503021359443665
128,128,0.23774713277816772,0.9700000286102295,0.9700000286102295,0.6399999856948853,0.9074413180351257,0.8957470059394836,0.7799999713897705,8.050000190734863,-11.521279335021973,98.0,11440.0,0.8037649393081665
129,129,0.23705339431762695,0.9100000262260437,0.9900000095367432,0.6100000143051147,0.9116706252098083,0.872657299041748,0.7200000286102295,8.239999771118164,-11.520650863647461,100.0,11532.0,0.6515184640884399
130,130,0.24393612146377563,0.949999988079071,0.9700000286102295,0.699999988079071,0.9018239378929138,0.8798901438713074,0.8299999833106995,8.15999984741211,-10.036009788513184,100.0,11625.0,0.744062066078186
131,131,0.2476271241903305,0.9800000190734863,0.9599999785423279,0.5799999833106995,0.9117728471755981,0.8544101715087891,0.7599999904632568,8.479999542236328,-11.722759246826172,99.0,11713.0,0.7104036808013916
132,132,0.23942004144191742,0.9587628841400146,0.9587628841400146,0.6804123520851135,0.8829813003540039,0.8597195148468018,0.8247422575950623,8.412370681762695,-10.795185089111328,100.0,11802.0,0.7158432006835938
133,133,0.25263142585754395,0.9800000190734863,0.9800000190734863,0.699999988079071,0.8965198993682861,0.8718106746673584,0.7599999904632568,8.09000015258789,-11.260919570922852,99.0,11884.0,0.6551558971405029
134,134,0.23470549285411835,0.9300000071525574,0.9100000262260437,0.6299999952316284,0.8447361588478088,0.8309686183929443,0.8600000143051147,8.0600004196167,-10.270240783691406,96.0,11976.0,0.7214492559432983
135,135,0.2445652186870575,0.9599999785423279,0.9599999785423279,0.7099999785423279,0.9061155915260315,0.8572113513946533,0.800000011920929,8.010000228881836,-11.290428161621094,99.0,12071.0,0.8000338077545166
136,136,0.2427087277173996,0.949999988079071,0.9700000286102295,0.6100000143051147,0.8963229656219482,0.8766487836837769,0.8600000143051147,8.170000076293945,-11.148000717163086,99.0,12167.0,0.7649324536323547
137,137,0.24518053233623505,0.9599999785423279,0.9800000190734863,0.6299999952316284,0.9233128428459167,0.8672342896461487,0.8999999761581421,7.760000228881836,-11.815179824829102,99.0,12259.0,0.7290252447128296
138,138,0.2388317734003067,0.9300000071525574,0.9700000286102295,0.6600000262260437,0.8874388337135315,0.8690940737724304,0.800000011920929,7.789999961853027,-11.080070495605469,99.0,12351.0,0.7157124280929565
139,139,0.24261194467544556,0.9700000286102295,0.9599999785423279,0.6499999761581421,0.9054590463638306,0.8521880507469177,0.8700000047683716,8.329999923706055,-10.818150520324707,99.0,12446.0,0.7750848531723022
140,140,0.24400828778743744,0.939393937587738,0.9494949579238892,0.6262626051902771,0.8652403950691223,0.8211798667907715,0.868686854839325,7.777777671813965,-10.36305046081543,97.97979736328125,12539.0,0.7418343424797058
141,141,0.24560800194740295,0.949999988079071,0.9700000286102295,0.6800000071525574,0.9359951615333557,0.8636266589164734,0.8600000143051147,7.170000076293945,-12.330789566040039,98.0,12631.0,0.7791197896003723
142,142,0.23965108394622803,0.9200000166893005,0.9599999785423279,0.6200000047683716,0.8679537177085876,0.8174354434013367,0.8600000143051147,7.989999771118164,-10.665850639343262,98.0,12725.0,0.7308602333068848
143,143,0.24038779735565186,0.939393937587738,0.9595959782600403,0.747474730014801,0.8958674669265747,0.8553409576416016,0.9191918969154358,7.7272725105285645,-11.627949714660645,97.97979736328125,12817.0,0.7846862077713013
144,144,0.24873031675815582,0.9599999785423279,0.9800000190734863,0.6200000047683716,0.8453091382980347,0.8127182722091675,0.9399999976158142,9.039999961853027,-9.527441024780273,99.0,12914.0,0.7565760016441345
145,145,0.24259963631629944,0.9700000286102295,0.9300000071525574,0.7200000286102295,0.836014986038208,0.7672953009605408,0.7699999809265137,8.329999923706055,-9.991900444030762,97.0,13008.0,0.7835298180580139
146,146,0.24462254345417023,0.939393937587738,0.9797979593276978,0.6666666865348816,0.8409653306007385,0.836579442024231,0.8989899158477783,8.313131332397461,-10.451070785522461,98.98989868164062,13102.0,0.756201982498169
147,147,0.2520177364349365,0.9800000190734863,0.9599999785423279,0.6600000262260437,0.8349484801292419,0.787299633026123,0.9100000262260437,8.09000015258789,-10.37932014465332,98.0,13198.0,0.7981629967689514
148,148,0.2448338270187378,0.9797979593276978,0.9797979593276978,0.6464646458625793,0.8559732437133789,0.8425374031066895,0.8787878751754761,8.262626647949219,-10.030160903930664,98.98989868164062,13292.0,0.7764631509780884
149,149,0.2506988048553467,0.9599999785423279,0.9700000286102295,0.5799999833106995,0.8797751069068909,0.8023382425308228,0.9200000166893005,8.4399995803833,-10.933359146118164,97.0,13388.0,0.7881597876548767
150,150,0.26022452116012573,0.9700000286102295,0.9800000190734863,0.5299999713897705,0.8986974358558655,0.8388271331787109,0.9200000166893005,9.069999694824219,-10.959580421447754,98.0,13482.0,0.7716819047927856
151,151,0.2474825084209442,0.949999988079071,0.9599999785423279,0.75,0.8912574648857117,0.8392698168754578,0.9599999785423279,8.239999771118164,-11.228519439697266,97.0,13573.0,0.7860743999481201
152,152,0.25590813159942627,0.9800000190734863,0.9399999976158142,0.6600000262260437,0.9250537753105164,0.8751611113548279,0.9599999785423279,8.34000015258789,-12.066679954528809,98.0,13667.0,0.8133763670921326
153,153,0.24922282993793488,0.949999988079071,0.9599999785423279,0.6899999976158142,0.8761188983917236,0.824265718460083,0.949999988079071,8.710000038146973,-10.646880149841309,98.0,13761.0,0.7767786979675293
154,154,0.2512458562850952,0.9599999785423279,0.9700000286102295,0.6899999976158142,0.9089933037757874,0.8364546895027161,0.9700000286102295,8.40999984741211,-11.646589279174805,99.0,13854.0,0.7649746537208557
155,155,0.25394782423973083,0.9599999785423279,0.9700000286102295,0.4300000071525574,0.8936255574226379,0.8464651703834534,0.9700000286102295,9.6899995803833,-11.267372131347656,98.0,13950.0,0.7503318190574646
156,156,0.2569544315338135,0.9797979593276978,0.9797979593276978,0.7272727489471436,0.9053778052330017,0.8417813181877136,0.939393937587738,8.505050659179688,-11.145100593566895,98.98989868164062,14043.0,0.8014265298843384
157,157,0.2600397765636444,0.9700000286102295,0.9700000286102295,0.7200000286102295,0.9432457089424133,0.9044514298439026,0.9700000286102295,8.239999771118164,-12.30785846710205,99.0,14135.0,0.8004752397537231
158,158,0.2579480707645416,0.9696969985961914,0.9898989796638489,0.6464646458625793,0.9025778770446777,0.8590771555900574,0.9898989796638489,8.88888931274414,-11.53402042388916,100.0,14221.0,0.7003951668739319
159,159,0.25201353430747986,0.9599999785423279,0.9599999785423279,0.6600000262260437,0.950846791267395,0.8890193104743958,0.9399999976158142,8.050000190734863,-12.628418922424316,99.0,14314.0,0.7847720384597778
160,160,0.253982812166214,1.0,1.0,0.7200000286102295,0.9235986471176147,0.8676475286483765,0.949999988079071,8.119999885559082,-11.761449813842773,100.0,14410.0,0.8381826877593994
161,161,0.2516941726207733,1.0,0.9900000095367432,0.7099999785423279,0.9238201379776001,0.8435318470001221,0.9599999785423279,8.40999984741211,-11.574228286743164,100.0,14507.0,0.7980616092681885
162,162,0.2465398609638214,0.9696969985961914,0.9696969985961914,0.7272727489471436,0.8947053551673889,0.8428475856781006,0.9292929172515869,8.08080768585205,-11.695212364196777,97.97979736328125,14596.0,0.774750292301178
163,163,0.24441254138946533,0.9599999785423279,0.9300000071525574,0.6399999856948853,0.8652950525283813,0.8186477422714233,0.949999988079071,7.429999828338623,-11.217510223388672,97.0,14687.0,0.7194983959197998
164,164,0.24028697609901428,0.9300000071525574,0.9300000071525574,0.7400000095367432,0.8658345937728882,0.8185378313064575,0.8600000143051147,7.25,-11.065790176391602,93.0,14774.0,0.759894847869873
165,165,0.23864200711250305,0.8989899158477783,0.8888888955116272,0.747474730014801,0.855310320854187,0.8278545141220093,0.8787878751754761,7.141414165496826,-11.643403053283691,91.919189453125,14859.0,0.7341968417167664
166,166,0.25071418285369873,0.949999988079071,0.949999988079071,0.7400000095367432,0.8336350321769714,0.8154529333114624,0.949999988079071,8.3100004196167,-10.421889305114746,97.0,14951.0,0.7586627006530762
167,167,0.24235323071479797,0.9387755393981934,0.9591836929321289,0.6428571343421936,0.8869279623031616,0.8568074703216553,0.8469387888908386,7.510204315185547,-11.330142974853516,96.93877410888672,15040.0,0.750923752784729
168,168,0.24399591982364655,0.9599999785423279,0.9700000286102295,0.699999988079071,0.8797907829284668,0.8190876841545105,0.8999999761581421,7.329999923706055,-11.253060340881348,97.0,15135.0,0.8152285814285278
169,169,0.24538978934288025,0.9599999785423279,0.949999988079071,0.6800000071525574,0.8913446068763733,0.8209738731384277,0.9100000262260437,7.260000228881836,-11.466760635375977,97.0,15228.0,0.7925056219100952
170,170,0.2409934550523758,0.9399999976158142,0.949999988079071,0.6600000262260437,0.9177730083465576,0.845054566860199,0.9100000262260437,7.550000190734863,-12.677210807800293,96.0,15319.0,0.7847654819488525
171,171,0.2480478435754776,0.939393937587738,0.9595959782600403,0.6767676472663879,0.8426095247268677,0.8046741485595703,0.7979797720909119,7.373737335205078,-10.839090347290039,95.9595947265625,15410.0,0.7542760968208313
172,172,0.25768277049064636,0.9595959782600403,0.9595959782600403,0.6767676472663879,0.9235029220581055,0.8371687531471252,0.9494949579238892,7.202020168304443,-12.555070877075195,96.96969604492188,15499.0,0.7724658846855164
173,173,0.24529844522476196,0.949999988079071,0.9599999785423279,0.5699999928474426,0.9377397894859314,0.8744224309921265,0.8700000047683716,6.800000190734863,-13.050009727478027,97.0,15596.0,0.8209046721458435
174,174,0.24479645490646362,0.9700000286102295,0.9599999785423279,0.6800000071525574,0.9131219983100891,0.879986047744751,0.8799999952316284,7.309999942779541,-12.541391372680664,97.0,15684.0,0.7718561291694641
175,175,0.24110178649425507,0.9591836929321289,0.9693877696990967,0.704081654548645,0.9069022536277771,0.852729320526123,0.9081632494926453,7.459183692932129,-12.094326972961426,97.95918273925781,15773.0,0.772339940071106
176,176,0.24379336833953857,0.9900000095367432,1.0,0.41999998688697815,0.9540326595306396,0.8947415947914124,0.8500000238418579,6.539999961853027,-13.447901725769043,100.0,15868.0,0.7705029249191284
177,177,0.24894197285175323,0.949999988079071,0.9300000071525574,0.5699999928474426,0.9384345412254333,0.8826621174812317,0.7900000214576721,6.590000152587891,-13.10700798034668,96.0,15956.0,0.7541815042495728
178,178,0.2404678761959076,0.9591836929321289,0.9591836929321289,0.43877550959587097,0.9503188133239746,0.8676828145980835,0.8673469424247742,6.255102157592773,-13.630396842956543,97.95918273925781,16040.0,0.6894164681434631
179,179,0.2535817325115204,0.9700000286102295,0.9599999785423279,0.5299999713897705,0.9546593427658081,0.8541218638420105,0.8700000047683716,6.519999980926514,-13.655610084533691,98.0,16129.0,0.7423980236053467
180,180,0.24896077811717987,0.9800000190734863,0.9700000286102295,0.5400000214576721,0.9790579080581665,0.9247565269470215,0.9300000071525574,6.730000019073486,-13.938959121704102,99.0,16216.0,0.7398655414581299
181,181,0.24686084687709808,1.0,1.0,0.44999998807907104,0.9882714152336121,0.8938751816749573,0.8700000047683716,6.400000095367432,-14.433270454406738,100.0,16307.0,0.763826847076416
182,182,0.2498144656419754,1.0,1.0,0.4040403962135315,0.9513823390007019,0.9068241119384766,0.8181818127632141,6.434343338012695,-13.703566551208496,100.0,16394.0,0.7107436060905457
183,183,0.23450744152069092,0.9700000286102295,0.9599999785423279,0.44999998807907104,0.9025118350982666,0.8494148254394531,0.7900000214576721,6.300000190734863,-12.51098918914795,97.0,16485.0,0.7337412238121033
184,184,0.25104251503944397,0.9700000286102295,0.9900000095367432,0.5099999904632568,0.9565914869308472,0.8907442688941956,0.75,6.760000228881836,-13.532259941101074,99.0,16572.0,0.7191270589828491
185,185,0.2375192940235138,0.939393937587738,0.939393937587738,0.42424243688583374,0.9206868410110474,0.8346846103668213,0.6767676472663879,6.191919326782227,-13.447585105895996,94.94949340820312,16656.0,0.6948124170303345
186,186,0.2288222312927246,0.9595959782600403,0.9696969985961914,0.4848484992980957,0.9291465878486633,0.8461781740188599,0.7676767706871033,6.292929172515869,-13.09228229522705,96.96969604492188,16738.0,0.6798048615455627
187,187,0.2568451166152954,0.9800000190734863,0.9900000095367432,0.6399999856948853,0.98325514793396,0.9177121520042419,0.7699999809265137,7.110000133514404,-14.091087341308594,99.0,16824.0,0.7466506361961365
188,188,0.25041070580482483,0.9595959782600403,0.9595959782600403,0.6363636255264282,0.9312258362770081,0.8886041641235352,0.6666666865348816,7.171717166900635,-13.075101852416992,97.97979736328125,16906.0,0.708568274974823
189,189,0.25257155299186707,0.9696969985961914,0.9898989796638489,0.5959596037864685,0.9679157137870789,0.9174526333808899,0.6767676472663879,6.989899158477783,-13.55346393585205,98.98989868164062,16990.0,0.7329816818237305
190,190,0.2534620761871338,0.9489796161651611,0.9897959232330322,0.6428571343421936,0.9489473700523376,0.8938168883323669,0.704081654548645,7.336734771728516,-12.971969604492188,98.9795913696289,17068.0,0.6648791432380676
191,191,0.24827194213867188,0.9399999976158142,0.9900000095367432,0.6499999761581421,0.9668987989425659,0.9123075008392334,0.6100000143051147,7.940000057220459,-12.7899808883667,99.0,17154.0,0.7168614268302917
192,192,0.24075868725776672,0.9599999785423279,0.9800000190734863,0.6200000047683716,0.9297531843185425,0.8827152848243713,0.6899999976158142,7.230000019073486,-12.456657409667969,98.0,17238.0,0.7275440692901611
193,193,0.25570428371429443,0.9599999785423279,0.9800000190734863,0.699999988079071,0.9584493041038513,0.9016843438148499,0.7599999904632568,8.100000381469727,-13.047109603881836,99.0,17325.0,0.7548725605010986
194,194,0.25447267293930054,0.9599999785423279,0.9800000190734863,0.699999988079071,0.9029513597488403,0.85988450050354,0.7300000190734863,8.229999542236328,-11.78235149383545,98.0,17416.0,0.7862867116928101
195,195,0.24937766790390015,0.9100000262260437,0.9700000286102295,0.5400000214576721,0.8694054484367371,0.8079692721366882,0.6800000071525574,9.0600004196167,-10.862879753112793,97.0,17508.0,0.6961127519607544
196,196,0.25130146741867065,0.9700000286102295,0.9800000190734863,0.7099999785423279,0.9033048152923584,0.8787955641746521,0.6299999952316284,8.130000114440918,-11.895618438720703,98.0,17598.0,0.7864113450050354
197,197,0.24316993355751038,0.9599999785423279,0.9800000190734863,0.5099999904632568,0.8744212985038757,0.7998819947242737,0.7599999904632568,9.119999885559082,-10.156720161437988,98.0,17693.0,0.7510578036308289
198,198,0.24975572526454926,0.9399999976158142,0.9800000190734863,0.6299999952316284,0.9213802218437195,0.866568386554718,0.6000000238418579,8.369999885559082,-12.431611061096191,98.0,17781.0,0.723392128944397
199,199,0.2371775507926941,0.9300000071525574,0.9300000071525574,0.6200000047683716,0.8570032715797424,0.8409931659698486,0.6399999856948853,8.140000343322754,-10.549690246582031,94.0,17869.0,0.7480304837226868
