"step","Tanimoto_ROCS_sim","Custom_alerts","Linker_Num_Aromatic_Rings","Linker_Effective_Length","ADV","PostDock_Tanimoto_ROCS_sim","raw_Linker_Num_Aromatic_Rings","raw_Linker_Effective_Length","raw_ADV","Valid_SMILES","Number_of_SMILES_found","Average_score","docking_weight"
0,0.21859361231327057,0.47826087474823,0.8260869383811951,0.739130437374115,0.7000433206558228,0.23302426934242249,0.21739129722118378,7.884057998657227,-6.957276344299316,82.60869598388672,57,0.36369457840919495,"1"
1,0.06642960757017136,0.10112359374761581,0.2808988690376282,0.11235955357551575,0.27358850836753845,0.24948257207870483,0,1.7752809524536133,-3.904820203781128,28.089887619018555,82,0.08603961020708084,"1"
2,0.008352065458893776,0,0.03999999910593033,0.013333333656191826,0.027072204276919365,0.012810776941478252,0,0.18666666746139526,-0.34488001465797424,4,85,0,"1"
3,0.004548102617263794,0,0.021739130839705467,0,0.021707933396100998,0,0,0.043478261679410934,-0.3558695912361145,2.17391300201416,86,0,"1"
4,0.00355163705535233,0.013698630034923553,0.013698630034923553,0,0.013639263808727264,0.01275912206619978,0,0.054794520139694214,-0.1978767067193985,1.3698630332946777,87,0.010024253278970718,"1"
5,0.040668733417987823,0.12195122241973877,0.17073170840740204,0.0731707289814949,0.16944000124931335,0.024059033021330833,0,0.8536585569381714,-2.488731861114502,17.073171615600586,94,0.08498011529445648,"1"
6,0,0,0,0,0,0,0,0,0,0,94,0,"1"
7,0.09158408641815186,0.3636363744735718,0.3636363744735718,0.27272728085517883,0.3589250445365906,0.2675454318523407,0,3.090909004211426,-4.9195451736450195,36.3636360168457,98,0.3157085180282593,"1"
8,0.061028800904750824,0.20000000298023224,0.25,0.20000000298023224,0.17243008315563202,0.023994211107492447,0,3.3499999046325684,-1.3967000246047974,25,108,0.1306639015674591,"1"
9,0,0,0,0,0,0,0,0,0,0,108,0,"1"
10,0.09713151305913925,0.2571428716182709,0.37142857909202576,0.2857142984867096,0.2472175657749176,0,0,3.2571427822113037,-3.2056570053100586,37.14285659790039,121,0.15893875062465668,"1"
11,0.08504745364189148,0.18867924809455872,0.35849055647850037,0.24528302252292633,0.22369341552257538,0,0,4.641509532928467,-1.2604528665542603,35.849056243896484,140,0.08984100818634033,"1"
12,0,0,0,0,0,0,0,0,0,0,140,0,"1"
13,0,0,0,0,0,0,0,0,0,0,140,0,"1"
14,0,0,0,0,0,0,0,0,0,0,140,0,"1"
15,0,0,0,0,0,0,0,0,0,0,140,0,"1"
16,0,0,0,0,0,0,0,0,0,0,140,0,"1"
17,0,0,0,0,0,0,0,0,0,0,140,0,"1"
18,0,0,0,0,0,0,0,0,0,0,140,0,"1"
19,0,0,0,0,0,0,0,0,0,0,140,0,"1"
20,0,0,0,0,0,0,0,0,0,0,140,0,"1"
21,0,0,0,0,0,0,0,0,0,0,140,0,"1"
22,0,0,0,0,0,0,0,0,0,0,140,0,"1"
23,0,0,0,0,0,0,0,0,0,0,140,0,"1"
24,0,0,0,0,0,0,0,0,0,0,140,0,"1"
25,0,0,0,0,0,0,0,0,0,0,140,0,"1"
26,0,0,0,0,0,0,0,0,0,0,140,0,"1"
27,0,0,0,0,0,0,0,0,0,0,140,0,"1"
28,0,0,0,0,0,0,0,0,0,0,140,0,"1"
29,0,0,0,0,0,0,0,0,0,0,140,0,"1"
30,0,0,0,0,0,0,0,0,0,0,140,0,"1"
31,0,0,0,0,0,0,0,0,0,0,140,0,"1"
32,0,0,0,0,0,0,0,0,0,0,140,0,"1"
33,0,0,0,0,0,0,0,0,0,0,140,0,"1"
34,0,0,0,0,0,0,0,0,0,0,140,0,"1"
35,0,0,0,0,0,0,0,0,0,0,140,0,"1"
36,0,0,0,0,0,0,0,0,0,0,140,0,"1"
37,0,0,0,0,0,0,0,0,0,0,140,0,"1"
38,0,0,0,0,0,0,0,0,0,0,140,0,"1"
39,0,0,0,0,0,0,0,0,0,0,140,0,"1"
40,0,0,0,0,0,0,0,0,0,0,140,0,"1"
41,0,0,0,0,0,0,0,0,0,0,140,0,"1"
42,0,0,0,0,0,0,0,0,0,0,140,0,"1"
43,0,0,0,0,0,0,0,0,0,0,140,0,"1"
44,0,0,0,0,0,0,0,0,0,0,140,0,"1"
45,0,0,0,0,0,0,0,0,0,0,140,0,"1"
46,0,0,0,0,0,0,0,0,0,0,140,0,"1"
47,0,0,0,0,0,0,0,0,0,0,140,0,"1"
48,0,0,0,0,0,0,0,0,0,0,140,0,"1"
49,0,0,0,0,0,0,0,0,0,0,140,0,"1"
50,0,0,0,0,0,0,0,0,0,0,140,0,"1"
51,0,0,0,0,0,0,0,0,0,0,140,0,"1"
52,0,0,0,0,0,0,0,0,0,0,140,0,"1"
53,0,0,0,0,0,0,0,0,0,0,140,0,"1"
54,0,0,0,0,0,0,0,0,0,0,140,0,"1"
55,0,0,0,0,0,0,0,0,0,0,140,0,"1"
56,0,0,0,0,0,0,0,0,0,0,140,0,"1"
57,0,0,0,0,0,0,0,0,0,0,140,0,"1"
58,0,0,0,0,0,0,0,0,0,0,140,0,"1"
59,0,0,0,0,0,0,0,0,0,0,140,0,"1"
60,0,0,0,0,0,0,0,0,0,0,140,0,"1"
61,0,0,0,0,0,0,0,0,0,0,140,0,"1"
62,0,0,0,0,0,0,0,0,0,0,140,0,"1"
63,0,0,0,0,0,0,0,0,0,0,140,0,"1"
64,0,0,0,0,0,0,0,0,0,0,140,0,"1"
65,0,0,0,0,0,0,0,0,0,0,140,0,"1"
66,0,0,0,0,0,0,0,0,0,0,140,0,"1"
67,0,0,0,0,0,0,0,0,0,0,140,0,"1"
68,0,0,0,0,0,0,0,0,0,0,140,0,"1"
69,0,0,0,0,0,0,0,0,0,0,140,0,"1"
70,0,0,0,0,0,0,0,0,0,0,140,0,"1"
71,0,0,0,0,0,0,0,0,0,0,140,0,"1"
72,0,0,0,0,0,0,0,0,0,0,140,0,"1"
73,0,0,0,0,0,0,0,0,0,0,140,0,"1"
74,0,0,0,0,0,0,0,0,0,0,140,0,"1"
75,0,0,0,0,0,0,0,0,0,0,140,0,"1"
76,0,0,0,0,0,0,0,0,0,0,140,0,"1"
77,0,0,0,0,0,0,0,0,0,0,140,0,"1"
78,0,0,0,0,0,0,0,0,0,0,140,0,"1"
79,0,0,0,0,0,0,0,0,0,0,140,0,"1"
80,0,0,0,0,0,0,0,0,0,0,140,0,"1"
81,0,0,0,0,0,0,0,0,0,0,140,0,"1"
82,0,0,0,0,0,0,0,0,0,0,140,0,"1"
83,0,0,0,0,0,0,0,0,0,0,140,0,"1"
84,0,0,0,0,0,0,0,0,0,0,140,0,"1"
85,0,0,0,0,0,0,0,0,0,0,140,0,"1"
86,0,0,0,0,0,0,0,0,0,0,140,0,"1"
87,0,0,0,0,0,0,0,0,0,0,140,0,"1"
88,0,0,0,0,0,0,0,0,0,0,140,0,"1"
89,0,0,0,0,0,0,0,0,0,0,140,0,"1"
90,0,0,0,0,0,0,0,0,0,0,140,0,"1"
91,0,0,0,0,0,0,0,0,0,0,140,0,"1"
92,0,0,0,0,0,0,0,0,0,0,140,0,"1"
93,0,0,0,0,0,0,0,0,0,0,140,0,"1"
94,0,0,0,0,0,0,0,0,0,0,140,0,"1"
95,0,0,0,0,0,0,0,0,0,0,140,0,"1"
96,0,0,0,0,0,0,0,0,0,0,140,0,"1"
97,0,0,0,0,0,0,0,0,0,0,140,0,"1"
98,0,0,0,0,0,0,0,0,0,0,140,0,"1"
99,0,0,0,0,0,0,0,0,0,0,140,0,"1"
100,0,0,0,0,0,0,0,0,0,0,140,0,"1"
101,0,0,0,0,0,0,0,0,0,0,140,0,"1"
102,0,0,0,0,0,0,0,0,0,0,140,0,"1"
103,0,0,0,0,0,0,0,0,0,0,140,0,"1"
104,0,0,0,0,0,0,0,0,0,0,140,0,"1"
105,0,0,0,0,0,0,0,0,0,0,140,0,"1"
106,0,0,0,0,0,0,0,0,0,0,140,0,"1"
107,0,0,0,0,0,0,0,0,0,0,140,0,"1"
108,0,0,0,0,0,0,0,0,0,0,140,0,"1"
109,0,0,0,0,0,0,0,0,0,0,140,0,"1"
110,0,0,0,0,0,0,0,0,0,0,140,0,"1"
111,0,0,0,0,0,0,0,0,0,0,140,0,"1"
112,0,0,0,0,0,0,0,0,0,0,140,0,"1"
113,0,0,0,0,0,0,0,0,0,0,140,0,"1"
114,0,0,0,0,0,0,0,0,0,0,140,0,"1"
115,0,0,0,0,0,0,0,0,0,0,140,0,"1"
116,0,0,0,0,0,0,0,0,0,0,140,0,"1"
117,0,0,0,0,0,0,0,0,0,0,140,0,"1"
118,0,0,0,0,0,0,0,0,0,0,140,0,"1"
119,0,0,0,0,0,0,0,0,0,0,140,0,"1"
120,0,0,0,0,0,0,0,0,0,0,140,0,"1"
121,0,0,0,0,0,0,0,0,0,0,140,0,"1"
122,0,0,0,0,0,0,0,0,0,0,140,0,"1"
123,0,0,0,0,0,0,0,0,0,0,140,0,"1"
124,0,0,0,0,0,0,0,0,0,0,140,0,"1"
125,0,0,0,0,0,0,0,0,0,0,140,0,"1"
126,0,0,0,0,0,0,0,0,0,0,140,0,"1"
127,0,0,0,0,0,0,0,0,0,0,140,0,"1"
128,0,0,0,0,0,0,0,0,0,0,140,0,"1"
129,0,0,0,0,0,0,0,0,0,0,140,0,"1"
130,0,0,0,0,0,0,0,0,0,0,140,0,"1"
131,0,0,0,0,0,0,0,0,0,0,140,0,"1"
132,0,0,0,0,0,0,0,0,0,0,140,0,"1"
133,0,0,0,0,0,0,0,0,0,0,140,0,"1"
134,0,0,0,0,0,0,0,0,0,0,140,0,"1"
135,0,0,0,0,0,0,0,0,0,0,140,0,"1"
136,0,0,0,0,0,0,0,0,0,0,140,0,"1"
137,0,0,0,0,0,0,0,0,0,0,140,0,"1"
138,0,0,0,0,0,0,0,0,0,0,140,0,"1"
139,0,0,0,0,0,0,0,0,0,0,140,0,"1"
140,0,0,0,0,0,0,0,0,0,0,140,0,"1"
141,0,0,0,0,0,0,0,0,0,0,140,0,"1"
142,0,0,0,0,0,0,0,0,0,0,140,0,"1"
143,0,0,0,0,0,0,0,0,0,0,140,0,"1"
144,0,0,0,0,0,0,0,0,0,0,140,0,"1"
145,0,0,0,0,0,0,0,0,0,0,140,0,"1"
146,0,0,0,0,0,0,0,0,0,0,140,0,"1"
147,0,0,0,0,0,0,0,0,0,0,140,0,"1"
148,0,0,0,0,0,0,0,0,0,0,140,0,"1"
149,0,0,0,0,0,0,0,0,0,0,140,0,"1"
150,0,0,0,0,0,0,0,0,0,0,140,0,"1"
151,0,0,0,0,0,0,0,0,0,0,140,0,"1"
152,0,0,0,0,0,0,0,0,0,0,140,0,"1"
153,0,0,0,0,0,0,0,0,0,0,140,0,"1"
154,0,0,0,0,0,0,0,0,0,0,140,0,"1"
155,0,0,0,0,0,0,0,0,0,0,140,0,"1"
156,0,0,0,0,0,0,0,0,0,0,140,0,"1"
157,0,0,0,0,0,0,0,0,0,0,140,0,"1"
158,0,0,0,0,0,0,0,0,0,0,140,0,"1"
159,0,0,0,0,0,0,0,0,0,0,140,0,"1"
160,0,0,0,0,0,0,0,0,0,0,140,0,"1"
161,0,0,0,0,0,0,0,0,0,0,140,0,"1"
162,0,0,0,0,0,0,0,0,0,0,140,0,"1"
163,0,0,0,0,0,0,0,0,0,0,140,0,"1"
164,0,0,0,0,0,0,0,0,0,0,140,0,"1"
165,0,0,0,0,0,0,0,0,0,0,140,0,"1"
166,0,0,0,0,0,0,0,0,0,0,140,0,"1"
167,0,0,0,0,0,0,0,0,0,0,140,0,"1"
168,0,0,0,0,0,0,0,0,0,0,140,0,"1"
169,0,0,0,0,0,0,0,0,0,0,140,0,"1"
170,0,0,0,0,0,0,0,0,0,0,140,0,"1"
171,0,0,0,0,0,0,0,0,0,0,140,0,"1"
172,0,0,0,0,0,0,0,0,0,0,140,0,"1"
173,0,0,0,0,0,0,0,0,0,0,140,0,"1"
174,0,0,0,0,0,0,0,0,0,0,140,0,"1"
175,0,0,0,0,0,0,0,0,0,0,140,0,"1"
176,0,0,0,0,0,0,0,0,0,0,140,0,"1"
177,0,0,0,0,0,0,0,0,0,0,140,0,"1"
178,0,0,0,0,0,0,0,0,0,0,140,0,"1"
179,0,0,0,0,0,0,0,0,0,0,140,0,"1"
180,0,0,0,0,0,0,0,0,0,0,140,0,"1"
181,0,0,0,0,0,0,0,0,0,0,140,0,"1"
182,0,0,0,0,0,0,0,0,0,0,140,0,"1"
183,0,0,0,0,0,0,0,0,0,0,140,0,"1"
184,0,0,0,0,0,0,0,0,0,0,140,0,"1"
185,0,0,0,0,0,0,0,0,0,0,140,0,"1"
186,0,0,0,0,0,0,0,0,0,0,140,0,"1"
187,0,0,0,0,0,0,0,0,0,0,140,0,"1"
188,0,0,0,0,0,0,0,0,0,0,140,0,"1"
189,0,0,0,0,0,0,0,0,0,0,140,0,"1"
190,0,0,0,0,0,0,0,0,0,0,140,0,"1"
191,0,0,0,0,0,0,0,0,0,0,140,0,"1"
192,0,0,0,0,0,0,0,0,0,0,140,0,"1"
193,0,0,0,0,0,0,0,0,0,0,140,0,"1"
194,0,0,0,0,0,0,0,0,0,0,140,0,"1"
195,0,0,0,0,0,0,0,0,0,0,140,0,"1"
196,0,0,0,0,0,0,0,0,0,0,140,0,"1"
197,0,0,0,0,0,0,0,0,0,0,140,0,"1"
198,0,0,0,0,0,0,0,0,0,0,140,0,"1"
199,0,0,0,0,0,0,0,,,,,,"1"
0,0.18329031765460968,0.3461538553237915,0.692307710647583,0.5897436141967773,0.5885297656059265,0.012635390274226665,0.08974359184503555,6.974359035491943,-6.871705055236816,70.5128173828125,55,0.24795971810817719,"2"
1,0.033693768084049225,0.08602150529623032,0.12903225421905518,0.05376344174146652,0.13702239096164703,0.10405915975570679,0.08602150529623032,0.8279569745063782,-2.010451555252075,13.978494644165039,68,0.07161100208759308,"2"
2,0.08586634695529938,0.26436781883239746,0.3563218414783478,0.3103448152542114,0.32310089468955994,0.2720697224140167,0.25287356972694397,3.436781644821167,-4.154091835021973,36.78160858154297,100,0.23137176036834717,"2"
3,0.1764824390411377,0.5833333134651184,0.1944444477558136,0.6944444179534912,0.5938875675201416,0.4685247838497162,1.1944444179534912,8,-5.557916641235352,69.44444274902344,123,0.38885316252708435,"2"
4,0.18764686584472656,0.52173912525177,0.47826087474823,0.5652173757553101,0.5192421078681946,0.2287830412387848,0.8405796885490417,8.057971000671387,-2.959507703781128,68.1159439086914,169,0.3429275453090668,"2"
5,0.1109919622540474,0.449438214302063,0.43820226192474365,0.37078651785850525,0.3490177392959595,0.20935870707035065,0.2584269642829895,5.4157304763793945,-2.7688090801239014,47.191009521484375,211,0.3233973979949951,"2"
6,0.16404218971729279,0.5714285969734192,0.5595238208770752,0.5595238208770752,0.4905093014240265,0.14338096976280212,0.6428571343421936,6.9285712242126465,-4.9011430740356445,61.904762268066406,263,0.4100549817085266,"2"
7,0.19772420823574066,0.7272727489471436,0.6818181872367859,0.7272727489471436,0.749675989151001,0.5534643530845642,0.9545454382896423,6.4772725105285645,-10.388477325439453,81.81818389892578,297,0.5903803110122681,"2"
8,0.15638668835163116,0.48148149251937866,0.5555555820465088,0.5185185074806213,0.56947922706604,0.2761249840259552,0.654321014881134,5.086419582366943,-7.978419780731201,60.49382781982422,344,0.37774911522865295,"2"
9,0.15836459398269653,0.04838709533214569,0.6129032373428345,0.5645161271095276,0.6159754395484924,0.2167862355709076,0.5806451439857483,5.854838848114014,-7.651209831237793,64.51612854003906,384,0.04359593242406845,"2"
10,0.1756134033203125,0.5161290168762207,0.6451612710952759,0.5806451439857483,0.6129513382911682,0.2873055636882782,0.4838709533214569,6.064516067504883,-8.213871002197266,64.51612854003906,402,0.44481563568115234,"2"
11,0.05281699821352959,0.20000000298023224,0.20000000298023224,0.125,0.13339760899543762,0.10764467716217041,0.17499999701976776,2.700000047683716,-1.6184749603271484,20,409,0.11498663574457169,"2"
12,0.1380704790353775,0.5166666507720947,0.550000011920929,0.550000011920929,0.4112250506877899,0.06248778477311134,0.550000011920929,6.583333492279053,-2.631500244140625,55,442,0.3734191358089447,"2"
13,0.13702592253684998,0.5526315569877625,0.44736841320991516,0.5526315569877625,0.4467318058013916,0.1944686472415924,0.6578947305679321,5.684210300445557,-4.883447170257568,55.26315689086914,460,0.34438785910606384,"2"
14,0.13234390318393707,0.3947368562221527,0.4736842215061188,0.5,0.4841907024383545,0.17840874195098877,0.5263158082962036,4.8947367668151855,-6.3619208335876465,50,472,0.17408862709999084,"2"
15,0.003932733088731766,0.016129031777381897,0.016129031777381897,0.016129031777381897,0.015581865794956684,0.014184130355715752,0,0.19354838132858276,-0.17448386549949646,1.6129032373428345,473,0.015521185472607613,"2"
16,0.17149244248867035,0.6388888955116272,0.6944444179534912,0.6944444179534912,0.6382324695587158,0.3665352463722229,0.6666666865348816,6.583333492279053,-8.416889190673828,69.44444274902344,495,0.47427812218666077,"2"
17,0.012671073898673058,0.032786883413791656,0.04918032884597778,0.04918032884597778,0.030401360243558884,0,0.016393441706895828,0.5737704634666443,-0.17134426534175873,4.918032646179199,498,0.025273485109210014,"2"
18,0,0,0,0,0,0,0,0,0,0,498,0,"2"
19,0,0,0,0,0,0,0,0,0,0,498,0,"2"
20,0,0,0,0,0,0,0,0,0,0,498,0,"2"
21,0.13394460082054138,0.5,0.5,0.5,0.4719044268131256,0.1315707266330719,0.5,4.666666507720947,-5.998722076416016,50,506,0.3707655072212219,"2"
22,0.010478316806256771,0.042553190141916275,0.042553190141916275,0.042553190141916275,0.03966039419174194,0,0.042553190141916275,0.4893617033958435,-0.435574471950531,4.255319118499756,507,0.016871141269803047,"2"
23,0.09224808216094971,0.3255814015865326,0.3488371968269348,0.3488371968269348,0.2743649184703827,0.07822214812040329,0.3255814015865326,4.093023300170898,-2.903395652770996,34.88372039794922,519,0.18180370330810547,"2"
24,0.06099822744727135,0.22448979318141937,0.2448979616165161,0.2448979616165161,0.1960686296224594,0.059347882866859436,0.2448979616165161,2.551020383834839,-2.5009796619415283,24.489795684814453,529,0.14082156121730804,"2"
25,0,0,0,0,0,0,0,0,0,0,529,0,"2"
26,0.011098693124949932,0.013698630034923553,0.04109589010477066,0.027397260069847107,0.02711937017738819,0.025627681985497475,0,0.34246575832366943,-0.2893972396850586,4.109589099884033,532,0.010890624485909939,"2"
27,0,0,0,0,0,0,0,0,0,0,532,0,"2"
28,0.027214789763092995,0.1111111119389534,0.1111111119389534,0.1111111119389534,0.08944118022918701,0.0000024898856736399466,0,1.1111111640930176,-1.1076887845993042,11.11111068725586,537,0.08022142201662064,"2"
29,0,0,0,0,0,0,0,0,0,0,537,0,"2"
30,0,0,0,0,0,0,0,0,0,0,537,0,"2"
31,0.17121529579162598,0.7333333492279053,0.7333333492279053,0.20000000298023224,0.730384886264801,0.19417232275009155,0.06666667014360428,4.4666666984558105,-11.175867080688477,73.33333587646484,548,0.5176551342010498,"2"
32,0.08799920976161957,0.4000000059604645,0.4000000059604645,0.4000000059604645,0.3956712782382965,0,0.2666666805744171,3.3333332538604736,-5.218866348266602,40,552,0.21225467324256897,"2"
33,0.054598525166511536,0.25,0.25,0.25,0.24886508285999298,0,0,2,-3.5910000801086426,25,553,0.19954602420330048,"2"
34,0.173274964094162,0.6666666865348816,0.7222222089767456,0.3888888955116272,0.7145907282829285,0.3223973512649536,0.3333333432674408,4.888888835906982,-10.04949951171875,72.22222137451172,564,0.4508797228336334,"2"
35,0.12440058588981628,0.5333333611488342,0.5333333611488342,0.2666666805744171,0.5309115052223206,0.3242884874343872,0,3.7333333492279053,-7.956599712371826,53.33333206176758,569,0.2915882170200348,"2"
36,0.07442859560251236,0.3333333432674408,0.3333333432674408,0,0.33283111453056335,0,0,1.5,-5.428499698638916,33.33333206176758,571,0.19979912042617798,"2"
37,0.13707372546195984,0.5833333134651184,0.5833333134651184,0.1666666716337204,0.5817301869392395,0.07849735766649246,0.0833333358168602,3.1666667461395264,-9.111499786376953,58.33333206176758,575,0.23209406435489655,"2"
38,0.17309154570102692,0.6111111044883728,0.6666666865348816,0.1666666716337204,0.6647788286209106,0.05233157053589821,0,3.777777671813965,-10.326555252075195,66.66666412353516,582,0.22172018885612488,"2"
39,0.25830191373825073,0.8999999761581421,0.8999999761581421,0.6000000238418579,0.8955051302909851,0,0,6.099999904632568,-13.023900032043457,90,587,0.39868631958961487,"2"
40,0.2576010525226593,1,1,0.6666666865348816,0.916278600692749,0,0,7,-13.175167083740234,100,591,0.21783816814422607,"2"
41,0.2063618004322052,0.7948718070983887,0.8461538553237915,0.5384615659713745,0.6204493641853333,0.17615319788455963,0,10.615385055541992,-5.215897560119629,84.61538696289062,619,0.41750794649124146,"2"
42,0.21203060448169708,0.824999988079071,0.824999988079071,0.625,0.492762953042984,0,0,10.25,1.430899977684021,82.5,651,0.4671993851661682,"2"
43,0.25786930322647095,1,1,1,0.7119793891906738,0,0,12,-4.855916500091553,100,661,0.552932858467102,"2"
44,0.18262404203414917,0.7837837934494019,0.7837837934494019,0.2432432472705841,0.2701406180858612,0,0,13.351351737976074,6.831162452697754,78.37837982177734,687,0.28003257513046265,"2"
45,0.2545831799507141,1,1,1,0.6659924983978271,0,0,11.636363983154297,-1.272999882698059,100,690,0.16494086384773254,"2"
46,0.14968717098236084,0.5714285969734192,0.5714285969734192,0.3928571343421936,0.42775648832321167,0,0,7.5,-0.9988926649093628,57.14285659790039,698,0.14194180071353912,"2"
47,0.17165547609329224,0.6666666865348816,0.75,0.4583333432674408,0.5060125589370728,0,0,10.666666984558105,-5.538541793823242,75,711,0.24845056235790253,"2"
48,0.24715107679367065,0.8333333134651184,1,1,0.8303758502006531,0,0,8.666666984558105,-10.628833770751953,100,715,0.33570969104766846,"2"
49,0.3101761043071747,1,1,1,0.9913350939750671,0,0,8.199999809265137,-13.24579906463623,100,715,0,"2"
50,0.27058809995651245,1,1,1,0.992489218711853,0,0,7.5,-13.48699951171875,100,715,0,"2"
51,0.21097536385059357,0.800000011920929,1,0.800000011920929,0.805831253528595,0,0,7.199999809265137,-11.188400268554688,100,718,0.2040252983570099,"2"
52,0.23207902908325195,1,1,0.5,0.9949969053268433,0,0,6.5,-14.358999252319336,100,718,0,"2"
53,0.23839475214481354,1,1,0,0.9970759749412537,0,0,6,-15.130999565124512,100,718,0,"2"
54,0.09620904922485352,0.1818181872367859,0.7272727489471436,0.27272728085517883,0.3813520669937134,0,0,4.363636493682861,-5.355454444885254,72.7272720336914,724,0,"2"
55,0.1087401956319809,0.13333334028720856,0.5333333611488342,0.06666667014360428,0.4060213267803192,0,0,2.799999952316284,-6.227799892425537,53.33333206176758,728,0,"2"
56,0.16115012764930725,0.20000000298023224,0.6000000238418579,0,0.598847508430481,0,0,3,-9.583200454711914,60,728,0,"2"
57,0.15196384489536285,0.2857142984867096,0.5714285969734192,0.1428571492433548,0.569525420665741,0,0,3.4285714626312256,-8.661713600158691,57.14285659790039,728,0,"2"
58,0.17123354971408844,0.6666666865348816,1,0.3333333432674408,0.6813924908638,0,0,6.333333492279053,-9.655999183654785,100,729,0,"2"
59,0.05500461906194687,0,0.30000001192092896,0,0.20489811897277832,0,0,1.600000023841858,-3.1663999557495117,30,729,0,"2"
60,0.22937363386154175,0.3333333432674408,0.8333333134651184,0.1666666716337204,0.8308910727500916,0,0,4.833333492279053,-12.855334281921387,83.33333587646484,729,0,"2"
61,0.1996222734451294,0.5,0.75,0.25,0.7468267679214478,0.23161427676677704,0,4.5,-10.930500030517578,75,730,0,"2"
62,0.17123354971408844,0.6666666865348816,0.6666666865348816,0.3333333432674408,0.6636457443237305,0,0,4.333333492279053,-9.655999183654785,66.66666412353516,730,0,"2"
63,0.16442978382110596,0.4000000059604645,0.6000000238418579,0.20000000298023224,0.5975924730300903,0,0,3.799999952316284,-8.813799858093262,60,730,0,"2"
64,0.3121505081653595,1,1,1,0.9930925369262695,0,0,7.5,-13.641500473022461,100,730,0,"2"
65,0.039329417049884796,0.1428571492433548,0.1428571492433548,0.1428571492433548,0.14198018610477448,0,0,1,-1.9767142534255981,14.285714149475098,730,0,"2"
66,0.27530592679977417,1,1,1,0.9938613176345825,0,0,7,-13.836999893188477,100,730,0,"2"
67,0.27530592679977417,1,1,1,0.9938613176345825,0,0,7,-13.836999893188477,100,730,0,"2"
68,0.09176864475011826,0.3333333432674408,0.3333333432674408,0.3333333432674408,0.33128711581230164,0,0,2.3333332538604736,-4.612333297729492,33.33333206176758,730,0,"2"
69,0.27530592679977417,1,1,1,0.9938613176345825,0,0,7,-13.836999893188477,100,730,0,"2"
70,0.3121505081653595,1,1,1,0.9930925369262695,0,0,7.5,-13.641500473022461,100,730,0,"2"
71,0.3121505081653595,1,1,1,0.9930925369262695,0,0,7.5,-13.641500473022461,100,730,0,"2"
72,0.3121505081653595,1,1,1,0.9930925369262695,0,0,7.5,-13.641500473022461,100,730,0,"2"
73,0.3121505081653595,1,1,1,0.9930925369262695,0,0,7.5,-13.641500473022461,100,730,0,"2"
74,0.3121505081653595,1,1,1,0.9930925369262695,0,0,7.5,-13.641500473022461,100,730,0,"2"
75,0.3121505081653595,1,1,1,0.9930925369262695,0,0,7.5,-13.641500473022461,100,730,0,"2"
76,0.2869119942188263,1,1,0.6666666865348816,0.994751513004303,0,0,7,-14.379000663757324,100,730,0,"2"
77,0.27530592679977417,1,1,1,0.9938613176345825,0,0,7,-13.836999893188477,100,730,0,"2"
78,0.27530592679977417,1,1,1,0.9938613176345825,0,0,7,-13.836999893188477,100,730,0,"2"
79,0.27530592679977417,1,1,1,0.9938613176345825,0,0,7,-13.836999893188477,100,730,0,"2"
80,0.2558704614639282,1,1,0.5,0.9959654211997986,0,0,6.5,-14.845499992370605,100,730,0,"2"
81,0.27530592679977417,1,1,1,0.9938613176345825,0,0,7,-13.836999893188477,100,730,0,"2"
82,0.27530592679977417,1,1,1,0.9938613176345825,0,0,7,-13.836999893188477,100,730,0,"2"
83,0.27530592679977417,1,1,1,0.9938613176345825,0,0,7,-13.836999893188477,100,730,0,"2"
84,0.27530592679977417,1,1,1,0.9938613176345825,0,0,7,-13.836999893188477,100,730,0,"2"
85,0.27530592679977417,1,1,1,0.9938613176345825,0,0,7,-13.836999893188477,100,730,0,"2"
86,0.27530592679977417,1,1,1,0.9938613176345825,0,0,7,-13.836999893188477,100,730,0,"2"
87,0.27530592679977417,1,1,1,0.9938613176345825,0,0,7,-13.836999893188477,100,730,0,"2"
88,0.3121505081653595,1,1,1,0.9930925369262695,0,0,7.5,-13.641500473022461,100,730,0,"2"
89,0.3121505081653595,1,1,1,0.9930925369262695,0,0,7.5,-13.641500473022461,100,730,0,"2"
90,0.27530592679977417,1,1,1,0.9938613176345825,0,0,7,-13.836999893188477,100,730,0,"2"
91,0.27530592679977417,1,1,1,0.9938613176345825,0,0,7,-13.836999893188477,100,730,0,"2"
92,0.13765296339988708,0.5,0.5,0.5,0.49693065881729126,0,0,3.5,-6.918499946594238,50,730,0,"2"
93,0.27530592679977417,1,1,1,0.9938613176345825,0,0,7,-13.836999893188477,100,730,0,"2"
94,0.27530592679977417,1,1,1,0.9938613176345825,0,0,7,-13.836999893188477,100,730,0,"2"
95,0.27530592679977417,1,1,1,0.9938613176345825,0,0,7,-13.836999893188477,100,730,0,"2"
96,0.27530592679977417,1,1,1,0.9938613176345825,0,0,7,-13.836999893188477,100,730,0,"2"
97,0.27530592679977417,1,1,1,0.9938613176345825,0,0,7,-13.836999893188477,100,730,0,"2"
98,0.27530592679977417,1,1,1,0.9938613176345825,0,0,7,-13.836999893188477,100,730,0,"2"
99,0.27530592679977417,1,1,1,0.9938613176345825,0,0,7,-13.836999893188477,100,730,0,"2"
100,0.29535940289497375,1,1,1,0.9929609298706055,0,0,7.5,-13.61199951171875,100,730,0,"2"
101,0.13765296339988708,0.5,0.5,0.5,0.49693065881729126,0,0,3.5,-6.918499946594238,50,730,0,"2"
102,0.27530592679977417,1,1,1,0.9938613176345825,0,0,7,-13.836999893188477,100,730,0,"2"
103,0.21056628227233887,0.75,0.75,0.25,0.7471598386764526,0,0,4.5,-11.125249862670898,75,731,0.14972183108329773,"2"
104,0.27530592679977417,1,1,1,0.9938613176345825,0,0,7,-13.836999893188477,100,731,0,"2"
105,0.27530592679977417,1,1,1,0.9938613176345825,0,0,7,-13.836999893188477,100,731,0,"2"
106,0.27530592679977417,1,1,1,0.9938613176345825,0,0,7,-13.836999893188477,100,731,0,"2"
107,0.13765296339988708,0.5,0.5,0.5,0.49693065881729126,0,0,3.5,-6.918499946594238,50,731,0,"2"
108,0.1889864057302475,0.6666666865348816,0.6666666865348816,0,0.6649260520935059,0,0,3.6666667461395264,-10.221333503723145,66.66666412353516,731,0,"2"
109,0.25685033202171326,1,1,0.5,0.9954686164855957,0,0,6.5,-14.483999252319336,100,731,0,"2"
110,0.13875006139278412,0.5,0.5,0,0.49877986311912537,0,0,3,-7.7230000495910645,50,731,0,"2"
111,0.27530592679977417,1,1,1,0.9938613176345825,0,0,7,-13.836999893188477,100,731,0,"2"
112,0,0,0,0,0,0,0,0,0,0,731,0,"2"
113,0,0,0,0,0,0,0,0,0,0,731,0,"2"
114,0.27530592679977417,1,1,1,0.9938613176345825,0,0,7,-13.836999893188477,100,731,0,"2"
115,0.06882648169994354,0.25,0.25,0.25,0.24846532940864563,0,0,1.75,-3.459249973297119,25,731,0,"2"
116,0,0,0,0,0,0,0,0,0,0,731,0,"2"
117,0,0,0,0,0,0,0,0,0,0,731,0,"2"
118,0,0,0,0,0,0,0,0,0,0,731,0,"2"
119,0.07347728312015533,0.25,0.25,0.25,0.2484520971775055,0,0,2.25,-3.4554998874664307,25,732,0.19938084483146667,"2"
120,0,0,0,0,0,0,0,0,0,0,732,0,"2"
121,0.13234739005565643,0.5,0.5,0.5,0.4960833489894867,0,0,4.5,-6.740333557128906,50,734,0.2655127942562103,"2"
122,0.1723390817642212,0.6666666865348816,0.6666666865348816,0.6666666865348816,0.6608936786651611,0,0,6.333333492279053,-8.872333526611328,66.66666412353516,734,0,"2"
123,0.07436937838792801,0.3333333432674408,0.3333333432674408,0.3333333432674408,0.3296242356300354,0,0,3.3333332538604736,-4.264999866485596,33.33333206176758,734,0,"2"
124,0,0,0,0,0,0,0,0,0,0,734,0,"2"
125,0.06937761604785919,0.3333333432674408,0.3333333432674408,0.1666666716337204,0.2530394494533539,0,0,2.25,-3.5490000247955322,33.33333206176758,735,0.018441341817378998,"2"
126,0.12154147773981094,0.4000000059604645,0.4000000059604645,0.20000000298023224,0.39817577600479126,0,0,2.5999999046325684,-5.827000141143799,40,735,0,"2"
127,0.061507489532232285,0.20000000298023224,0.20000000298023224,0.06666667014360428,0.1991731971502304,0.12648361921310425,0,1.2000000476837158,-2.9360666275024414,20,737,0.10514415800571442,"2"
128,0.2146361768245697,0.7142857313156128,0.7142857313156128,0.1428571492433548,0.711273729801178,0.41067320108413696,0,4.285714149475098,-10.47071361541748,71.42857360839844,738,0.11328501999378204,"2"
129,0.17894916236400604,0.6000000238418579,0.6000000238418579,0,0.5976074934005737,0.5749424695968628,0,3.4000000953674316,-8.831999778747559,60,738,0,"2"
130,0,0,0,0,0,0,0,0,0,0,738,0,"2"
131,0,0,0,0,0,0,0,0,0,0,738,0,"2"
132,0,0,0,0,0,0,0,0,0,0,738,0,"2"
133,0,0,0,0,0,0,0,0,0,0,738,0,"2"
134,0,0,0,0,0,0,0,0,0,0,738,0,"2"
135,0,0,0,0,0,0,0,0,0,0,738,0,"2"
136,0,0,0,0,0,0,0,0,0,0,738,0,"2"
137,0,0,0,0,0,0,0,0,0,0,738,0,"2"
138,0,0,0,0,0,0,0,0,0,0,738,0,"2"
139,0,0,0,0,0,0,0,0,0,0,738,0,"2"
140,0,0,0,0,0,0,0,0,0,0,738,0,"2"
141,0,0,0,0,0,0,0,0,0,0,738,0,"2"
142,0,0,0,0,0,0,0,0,0,0,738,0,"2"
143,0,0,0,0,0,0,0,0,0,0,738,0,"2"
144,0,0,0,0,0,0,0,0,0,0,738,0,"2"
145,0,0,0,0,0,0,0,0,0,0,738,0,"2"
146,0,0,0,0,0,0,0,0,0,0,738,0,"2"
147,0,0,0,0,0,0,0,0,0,0,738,0,"2"
148,0,0,0,0,0,0,0,0,0,0,738,0,"2"
149,0,0,0,0,0,0,0,0,0,0,738,0,"2"
150,0,0,0,0,0,0,0,0,0,0,738,0,"2"
151,0,0,0,0,0,0,0,0,0,0,738,0,"2"
152,0.03320809081196785,0,0.1111111119389534,0.1111111119389534,0.10690856724977493,0,0,1.2222222089767456,-1.1802221536636353,11.11111068725586,739,0,"2"
153,0,0,0,0,0,0,0,0,0,0,739,0,"2"
154,0,0,0,0,0,0,0,0,0,0,739,0,"2"
155,0.031160421669483185,0.125,0.125,0.125,0.12419673055410385,0,0,1,-1.7196249961853027,12.5,740,0.09967869520187378,"2"
156,0.013972267508506775,0.05128205195069313,0.05128205195069313,0.05128205195069313,0.050891030579805374,0,0,0.4871794879436493,-0.6912564039230347,5.128205299377441,741,0.020422320812940598,"2"
157,0.012853698804974556,0.043478261679410934,0.043478261679410934,0.043478261679410934,0.04309462383389473,0,0,0.47826087474823,-0.5740000009536743,4.34782600402832,741,0,"2"
158,0,0,0,0,0,0,0,0,0,0,741,0,"2"
159,0,0,0,0,0,0,0,0,0,0,741,0,"2"
160,0,0,0,0,0,0,0,0,0,0,741,0,"2"
161,0.03654147684574127,0.1428571492433548,0.1428571492433548,0.095238097012043,0.1389126479625702,0.08516781032085419,0,1.1904761791229248,-1.759190559387207,14.285714149475098,743,0.08229050040245056,"2"
162,0,0,0,0,0,0,0,0,0,0,743,0,"2"
163,0,0,0,0,0,0,0,0,0,0,743,0,"2"
164,0,0,0,0,0,0,0,0,0,0,743,0,"2"
165,0,0,0,0,0,0,0,0,0,0,743,0,"2"
166,0,0,0,0,0,0,0,0,0,0,743,0,"2"
167,0,0,0,0,0,0,0,0,0,0,743,0,"2"
168,0,0,0,0,0,0,0,0,0,0,743,0,"2"
169,0,0,0,0,0,0,0,0,0,0,743,0,"2"
170,0,0,0,0,0,0,0,0,0,0,743,0,"2"
171,0,0,0,0,0,0,0,0,0,0,743,0,"2"
172,0,0,0,0,0,0,0,0,0,0,743,0,"2"
173,0,0,0,0,0,0,0,0,0,0,743,0,"2"
174,0,0,0,0,0,0,0,0,0,0,743,0,"2"
175,0,0,0,0,0,0,0,0,0,0,743,0,"2"
176,0,0,0,0,0,0,0,0,0,0,743,0,"2"
177,0,0,0,0,0,0,0,0,0,0,743,0,"2"
178,0,0,0,0,0,0,0,0,0,0,743,0,"2"
179,0,0,0,0,0,0,0,0,0,0,743,0,"2"
180,0,0,0,0,0,0,0,0,0,0,743,0,"2"
181,0,0,0,0,0,0,0,0,0,0,743,0,"2"
182,0,0,0,0,0,0,0,0,0,0,743,0,"2"
183,0,0,0,0,0,0,0,0,0,0,743,0,"2"
184,0,0,0,0,0,0,0,0,0,0,743,0,"2"
185,0,0,0,0,0,0,0,0,0,0,743,0,"2"
186,0,0,0,0,0,0,0,0,0,0,743,0,"2"
187,0,0,0,0,0,0,0,0,0,0,743,0,"2"
188,0,0,0,0,0,0,0,0,0,0,743,0,"2"
189,0,0,0,0,0,0,0,0,0,0,743,0,"2"
190,0,0,0,0,0,0,0,0,0,0,743,0,"2"
191,0,0,0,0,0,0,0,0,0,0,743,0,"2"
192,0,0,0,0,0,0,0,0,0,0,743,0,"2"
193,0,0,0,0,0,0,0,0,0,0,743,0,"2"
194,0,0,0,0,0,0,0,0,0,0,743,0,"2"
195,0,0,0,0,0,0,0,0,0,0,743,0,"2"
196,0,0,0,0,0,0,0,0,0,0,743,0,"2"
197,0,0,0,0,0,0,0,0,0,0,743,0,"2"
198,0,0,0,0,0,0,0,0,0,0,743,0,"2"
199,0,0,0,0,0,0,0,0,0,0,743,0,"2"
0,0.2275041788816452,0.41818180680274963,0.8545454740524292,0.7636363506317139,0.045496195554733276,0,0.0181818176060915,7.490909099578857,0,85.45454406738281,47,0.1505260020494461,"3"
1,0.23557469248771667,0.6666666865348816,0.9642857313156128,0.773809552192688,0.05133878439664841,0,0.011904762126505375,11.964285850524902,0,96.42857360839844,127,0.22179487347602844,"3"
2,0,0,0,0,0,0,0,0,0,0,127,0,"3"
3,0.08463508635759354,0.2678571343421936,0.3214285671710968,0.1607142835855484,0.01711292564868927,0,0,2.25,0,32.14285659790039,145,0.07855895906686783,"3"
4,0.03889855742454529,0.11764705926179886,0.1764705926179886,0.05882352963089943,0.1734367311000824,0,0,0.7058823704719543,-2.177764654159546,17.647058486938477,148,0.07709800451993942,"3"
5,0,0,0,0,0,0,0,0,0,0,148,0,"3"
6,0,0,0,0,0,0,0,0,0,0,148,0,"3"
7,0,0,0,0,0,0,0,0,0,0,148,0,"3"
8,0,0,0,0,0,0,0,0,0,0,148,0,"3"
9,0,0,0,0,0,0,0,0,0,0,148,0,"3"
10,0,0,0,0,0,0,0,0,0,0,148,0,"3"
11,0,0,0,0,0,0,0,0,0,0,148,0,"3"
12,0,0,0,0,0,0,0,0,0,0,148,0,"3"
13,0,0,0,0,0,0,0,0,0,0,148,0,"3"
14,0,0,0,0,0,0,0,0,0,0,148,0,"3"
15,0,0,0,0,0,0,0,0,0,0,148,0,"3"
16,0,0,0,0,0,0,0,0,0,0,148,0,"3"
17,0,0,0,0,0,0,0,0,0,0,148,0,"3"
18,0,0,0,0,0,0,0,0,0,0,148,0,"3"
19,0,0,0,0,0,0,0,0,0,0,148,0,"3"
20,0,0,0,0,0,0,0,0,0,0,148,0,"3"
21,0,0,0,0,0,0,0,0,0,0,148,0,"3"
22,0,0,0,0,0,0,0,0,0,0,148,0,"3"
23,0,0,0,0,0,0,0,0,0,0,148,0,"3"
24,0,0,0,0,0,0,0,0,0,0,148,0,"3"
25,0,0,0,0,0,0,0,0,0,0,148,0,"3"
26,0,0,0,0,0,0,0,0,0,0,148,0,"3"
27,0,0,0,0,0,0,0,0,0,0,148,0,"3"
28,0,0,0,0,0,0,0,0,0,0,148,0,"3"
29,0,0,0,0,0,0,0,0,0,0,148,0,"3"
30,0,0,0,0,0,0,0,0,0,0,148,0,"3"
31,0,0,0,0,0,0,0,0,0,0,148,0,"3"
32,0,0,0,0,0,0,0,0,0,0,148,0,"3"
33,0,0,0,0,0,0,0,0,0,0,148,0,"3"
34,0,0,0,0,0,0,0,0,0,0,148,0,"3"
35,0,0,0,0,0,0,0,0,0,0,148,0,"3"
36,0,0,0,0,0,0,0,0,0,0,148,0,"3"
37,0,0,0,0,0,0,0,0,0,0,148,0,"3"
38,0,0,0,0,0,0,0,0,0,0,148,0,"3"
39,0,0,0,0,0,0,0,0,0,0,148,0,"3"
40,0,0,0,0,0,0,0,0,0,0,148,0,"3"
41,0,0,0,0,0,0,0,0,0,0,148,0,"3"
42,0,0,0,0,0,0,0,0,0,0,148,0,"3"
43,0,0,0,0,0,0,0,0,0,0,148,0,"3"
44,0,0,0,0,0,0,0,0,0,0,148,0,"3"
45,0,0,0,0,0,0,0,0,0,0,148,0,"3"
46,0,0,0,0,0,0,0,0,0,0,148,0,"3"
47,0,0,0,0,0,0,0,0,0,0,148,0,"3"
48,0,0,0,0,0,0,0,0,0,0,148,0,"3"
49,0,0,0,0,0,0,0,0,0,0,148,0,"3"
50,0,0,0,0,0,0,0,0,0,0,148,0,"3"
51,0,0,0,0,0,0,0,0,0,0,148,0,"3"
52,0,0,0,0,0,0,0,0,0,0,148,0,"3"
53,0,0,0,0,0,0,0,0,0,0,148,0,"3"
54,0,0,0,0,0,0,0,0,0,0,148,0,"3"
55,0,0,0,0,0,0,0,0,0,0,148,0,"3"
56,0,0,0,0,0,0,0,0,0,0,148,0,"3"
57,0,0,0,0,0,0,0,0,0,0,148,0,"3"
58,0,0,0,0,0,0,0,0,0,0,148,0,"3"
59,0,0,0,0,0,0,0,0,0,0,148,0,"3"
60,0,0,0,0,0,0,0,0,0,0,148,0,"3"
61,0,0,0,0,0,0,0,0,0,0,148,0,"3"
62,0,0,0,0,0,0,0,0,0,0,148,0,"3"
63,0,0,0,0,0,0,0,0,0,0,148,0,"3"
64,0,0,0,0,0,0,0,0,0,0,148,0,"3"
65,0,0,0,0,0,0,0,0,0,0,148,0,"3"
66,0,0,0,0,0,0,0,0,0,0,148,0,"3"
67,0,0,0,0,0,0,0,0,0,0,148,0,"3"
68,0,0,0,0,0,0,0,0,0,0,148,0,"3"
69,0,0,0,0,0,0,0,0,0,0,148,0,"3"
70,0,0,0,0,0,0,0,0,0,0,148,0,"3"
71,0,0,0,0,0,0,0,0,0,0,148,0,"3"
72,0,0,0,0,0,0,0,0,0,0,148,0,"3"
73,0,0,0,0,0,0,0,0,0,0,148,0,"3"
74,0,0,0,0,0,0,0,0,0,0,148,0,"3"
75,0,0,0,0,0,0,0,0,0,0,148,0,"3"
76,0,0,0,0,0,0,0,0,0,0,148,0,"3"
77,0,0,0,0,0,0,0,0,0,0,148,0,"3"
78,0,0,0,0,0,0,0,0,0,0,148,0,"3"
79,0,0,0,0,0,0,0,0,0,0,148,0,"3"
80,0,0,0,0,0,0,0,0,0,0,148,0,"3"
81,0,0,0,0,0,0,0,0,0,0,148,0,"3"
82,0,0,0,0,0,0,0,0,0,0,148,0,"3"
83,0,0,0,0,0,0,0,0,0,0,148,0,"3"
84,0,0,0,0,0,0,0,0,0,0,148,0,"3"
85,0,0,0,0,0,0,0,0,0,0,148,0,"3"
86,0,0,0,0,0,0,0,0,0,0,148,0,"3"
87,0,0,0,0,0,0,0,0,0,0,148,0,"3"
88,0,0,0,0,0,0,0,0,0,0,148,0,"3"
89,0,0,0,0,0,0,0,0,0,0,148,0,"3"
90,0,0,0,0,0,0,0,0,0,0,148,0,"3"
91,0,0,0,0,0,0,0,0,0,0,148,0,"3"
92,0,0,0,0,0,0,0,0,0,0,148,0,"3"
93,0,0,0,0,0,0,0,0,0,0,148,0,"3"
94,0,0,0,0,0,0,0,0,0,0,148,0,"3"
95,0,0,0,0,0,0,0,0,0,0,148,0,"3"
96,0,0,0,0,0,0,0,0,0,0,148,0,"3"
97,0,0,0,0,0,0,0,0,0,0,148,0,"3"
98,0,0,0,0,0,0,0,0,0,0,148,0,"3"
99,0,0,0,0,0,0,0,0,0,0,148,0,"3"
100,0,0,0,0,0,0,0,0,0,0,148,0,"3"
101,0,0,0,0,0,0,0,0,0,0,148,0,"3"
102,0,0,0,0,0,0,0,0,0,0,148,0,"3"
103,0,0,0,0,0,0,0,0,0,0,148,0,"3"
104,0,0,0,0,0,0,0,0,0,0,148,0,"3"
105,0,0,0,0,0,0,0,0,0,0,148,0,"3"
106,0,0,0,0,0,0,0,0,0,0,148,0,"3"
107,0,0,0,0,0,0,0,0,0,0,148,0,"3"
108,0,0,0,0,0,0,0,0,0,0,148,0,"3"
109,0,0,0,0,0,0,0,0,0,0,148,0,"3"
110,0,0,0,0,0,0,0,0,0,0,148,0,"3"
111,0,0,0,0,0,0,0,0,0,0,148,0,"3"
112,0,0,0,0,0,0,0,0,0,0,148,0,"3"
113,0,0,0,0,0,0,0,0,0,0,148,0,"3"
114,0,0,0,0,0,0,0,0,0,0,148,0,"3"
115,0,0,0,0,0,0,0,0,0,0,148,0,"3"
116,0,0,0,0,0,0,0,0,0,0,148,0,"3"
117,0,0,0,0,0,0,0,0,0,0,148,0,"3"
118,0,0,0,0,0,0,0,0,0,0,148,0,"3"
119,0,0,0,0,0,0,0,0,0,0,148,0,"3"
120,0,0,0,0,0,0,0,0,0,0,148,0,"3"
121,0,0,0,0,0,0,0,0,0,0,148,0,"3"
122,0,0,0,0,0,0,0,0,0,0,148,0,"3"
123,0,0,0,0,0,0,0,0,0,0,148,0,"3"
124,0,0,0,0,0,0,0,0,0,0,148,0,"3"
125,0,0,0,0,0,0,0,0,0,0,148,0,"3"
126,0,0,0,0,0,0,0,0,0,0,148,0,"3"
127,0,0,0,0,0,0,0,0,0,0,148,0,"3"
128,0,0,0,0,0,0,0,0,0,0,148,0,"3"
129,0,0,0,0,0,0,0,0,0,0,148,0,"3"
130,0,0,0,0,0,0,0,0,0,0,148,0,"3"
131,0,0,0,0,0,0,0,0,0,0,148,0,"3"
132,0,0,0,0,0,0,0,0,0,0,148,0,"3"
133,0,0,0,0,0,0,0,0,0,0,148,0,"3"
134,0,0,0,0,0,0,0,0,0,0,148,0,"3"
135,0,0,0,0,0,0,0,0,0,0,148,0,"3"
136,0,0,0,0,0,0,0,0,0,0,148,0,"3"
137,0,0,0,0,0,0,0,0,0,0,148,0,"3"
138,0,0,0,0,0,0,0,0,0,0,148,0,"3"
139,0,0,0,0,0,0,0,0,0,0,148,0,"3"
140,0,0,0,0,0,0,0,0,0,0,148,0,"3"
141,0,0,0,0,0,0,0,0,0,0,148,0,"3"
142,0,0,0,0,0,0,0,0,0,0,148,0,"3"
143,0,0,0,0,0,0,0,0,0,0,148,0,"3"
144,0,0,0,0,0,0,0,0,0,0,148,0,"3"
145,0,0,0,0,0,0,0,0,0,0,148,0,"3"
146,0,0,0,0,0,0,0,0,0,0,148,0,"3"
147,0,0,0,0,0,0,0,0,0,0,148,0,"3"
148,0,0,0,0,0,0,0,0,0,0,148,0,"3"
149,0,0,0,0,0,0,0,0,0,0,148,0,"3"
150,0,0,0,0,0,0,0,0,0,0,148,0,"3"
151,0,0,0,0,0,0,0,0,0,0,148,0,"3"
152,0,0,0,0,0,0,0,0,0,0,148,0,"3"
153,0,0,0,0,0,0,0,0,0,0,148,0,"3"
154,0,0,0,0,0,0,0,0,0,0,148,0,"3"
155,0,0,0,0,0,0,0,0,0,0,148,0,"3"
156,0,0,0,0,0,0,0,0,0,0,148,0,"3"
157,0,0,0,0,0,0,0,0,0,0,148,0,"3"
158,0,0,0,0,0,0,0,0,0,0,148,0,"3"
159,0,0,0,0,0,0,0,0,0,0,148,0,"3"
160,0,0,0,0,0,0,0,0,0,0,148,0,"3"
161,0,0,0,0,0,0,0,0,0,0,148,0,"3"
162,0,0,0,0,0,0,0,0,0,0,148,0,"3"
163,0,0,0,0,0,0,0,0,0,0,148,0,"3"
164,0,0,0,0,0,0,0,0,0,0,148,0,"3"
165,0,0,0,0,0,0,0,0,0,0,148,0,"3"
166,0,0,0,0,0,0,0,0,0,0,148,0,"3"
167,0,0,0,0,0,0,0,0,0,0,148,0,"3"
168,0,0,0,0,0,0,0,0,0,0,148,0,"3"
169,0,0,0,0,0,0,0,0,0,0,148,0,"3"
170,0,0,0,0,0,0,0,0,0,0,148,0,"3"
171,0,0,0,0,0,0,0,0,0,0,148,0,"3"
172,0,0,0,0,0,0,0,0,0,0,148,0,"3"
173,0,0,0,0,0,0,0,0,0,0,148,0,"3"
174,0,0,0,0,0,0,0,0,0,0,148,0,"3"
175,0,0,0,0,0,0,0,0,0,0,148,0,"3"
176,0,0,0,0,0,0,0,0,0,0,148,0,"3"
177,0,0,0,0,0,0,0,0,0,0,148,0,"3"
178,0,0,0,0,0,0,0,0,0,0,148,0,"3"
179,0,0,0,0,0,0,0,0,0,0,148,0,"3"
180,0,0,0,0,0,0,0,0,0,0,148,0,"3"
181,0,0,0,0,0,0,0,0,0,0,148,0,"3"
182,0,0,0,0,0,0,0,0,0,0,148,0,"3"
183,0,0,0,0,0,0,0,0,0,0,148,0,"3"
184,0,0,0,0,0,0,0,0,0,0,148,0,"3"
185,0,0,0,0,0,0,0,0,0,0,148,0,"3"
186,0,0,0,0,0,0,0,0,0,0,148,0,"3"
187,0,0,0,0,0,0,0,0,0,0,148,0,"3"
188,0,0,0,0,0,0,0,0,0,0,148,0,"3"
189,0,0,0,0,0,0,0,0,0,0,148,0,"3"
190,0,0,0,0,0,0,0,0,0,0,148,0,"3"
191,0,0,0,0,0,0,0,0,0,0,148,0,"3"
192,0,0,0,0,0,0,0,0,0,0,148,0,"3"
193,0,0,0,0,0,0,0,0,0,0,148,0,"3"
194,0,0,0,0,0,0,0,0,0,0,148,0,"3"
195,0,0,0,0,0,0,0,0,0,0,148,0,"3"
196,0,0,0,0,0,0,0,0,0,0,148,0,"3"
197,0,0,0,0,0,0,0,0,0,0,148,0,"3"
198,0,0,0,0,0,0,0,0,0,0,148,0,"3"
199,0,0,0,0,0,0,0,0,0,,,,"3"
0,0.17794467508792877,0.3636363744735718,0.7121211886405945,0.5757575631141663,0.6456146836280823,0.19022853672504425,0.01515151560306549,6.242424011230469,-7.938271999359131,71.21212005615234,45,0.277827650308609,"4"
1,0.15071024000644684,0.18867924809455872,0.6226415038108826,0.37735849618911743,0.2641456127166748,0.0187103021889925,0,9.320755004882812,4.505000114440918,62.26415252685547,78,0.09189237654209137,"4"
2,0.19700923562049866,0.32692307233810425,0.8461538553237915,0.5192307829856873,0.4906657040119171,0,0.07692307978868484,12.40384578704834,-0.7184228301048279,84.61538696289062,122,0.15212513506412506,"4"
3,0.11637496948242188,0.40909090638160706,0.5454545617103577,0.4545454680919647,0.43159306049346924,0,0.09090909361839294,6.045454502105713,-5.190590858459473,54.54545593261719,130,0.15422135591506958,"4"
4,0.23169578611850739,0.7777777910232544,0.8888888955116272,0.7777777910232544,0.8726162910461426,0,0,7.666666507720947,-11.527778625488281,88.88888549804688,134,0.36345183849334717,"4"
5,0.15469373762607574,0.5555555820465088,0.6666666865348816,0,0.6650874018669128,0,0,4,-10.360445022583008,66.66666412353516,139,0.31678324937820435,"4"
6,0.162764310836792,0.4363636374473572,0.6545454263687134,0.09090909361839294,0.6224018931388855,0,0.036363635212183,4.090909004211426,-8.318509101867676,65.45454406738281,173,0.2632516622543335,"4"
7,0.07893745601177216,0.17741934955120087,0.32258063554763794,0.09677419066429138,0.3193003535270691,0,0.016129031777381897,2.064516067504883,-4.404935836791992,32.25806427001953,188,0.02516201324760914,"4"
8,0.09435436129570007,0.27272728085517883,0.3636363744735718,0,0.3604603409767151,0,0,2.1818182468414307,-5.0954999923706055,36.3636360168457,199,0.03226902708411217,"4"
9,0.07744156569242477,0.28260868787765503,0.32608696818351746,0,0.3044199049472809,0,0,1.7173912525177002,-4.612630367279053,32.60869598388672,207,0.07730086147785187,"4"
10,0.242635577917099,0.8695651888847351,1,0.043478261679410934,0.9964220523834229,0.04120331257581711,0,5.73913049697876,-15.10891342163086,100,220,0.16686634719371796,"4"
11,0.13434244692325592,0.4117647111415863,0.5882353186607361,0,0.5313947796821594,0.05579829216003418,0,2.6470587253570557,-8.323529243469238,58.82352828979492,227,0.17574307322502136,"4"
12,0.1289316564798355,0.4038461446762085,0.5192307829856873,0.01923076994717121,0.4997291564941406,0.16522978246212006,0,2.230769157409668,-7.83494234085083,51.92307662963867,246,0.2110106647014618,"4"
13,0.035646989941596985,0.10975609719753265,0.13414634764194489,0.024390242993831635,0.13140743970870972,0.08145519345998764,0,0.7317073345184326,-1.952304720878601,13.414633750915527,252,0.05177799612283707,"4"
14,0.013216650113463402,0.01666666753590107,0.05000000074505806,0,0.04991719499230385,0,0,0.23333333432674408,-0.8069333434104919,5,254,0.011886492371559143,"4"
15,0.01307392492890358,0.05882352963089943,0.05882352963089943,0,0.05872444435954094,0,0,0.2647058963775635,-0.9483235478401184,5.882352828979492,255,0.020974859595298767,"4"
16,0,0,0,0,0,0,0,0,0,0,255,0,"4"
17,0.026406284421682358,0.095238097012043,0.095238097012043,0,0.09504153579473495,0.09053529053926468,0,0.4285714328289032,-1.509190559387207,9.523809432983398,256,0.040418922901153564,"4"
18,0,0,0,0,0,0,0,0,0,0,256,0,"4"
19,0,0,0,0,0,0,0,0,0,0,256,0,"4"
20,0,0,0,0,0,0,0,0,0,0,256,0,"4"
21,0,0,0,0,0,0,0,0,0,0,256,0,"4"
22,0,0,0,0,0,0,0,0,0,0,256,0,"4"
23,0,0,0,0,0,0,0,0,0,0,256,0,"4"
24,0,0,0,0,0,0,0,0,0,0,256,0,"4"
25,0,0,0,0,0,0,0,0,0,0,256,0,"4"
26,0,0,0,0,0,0,0,0,0,0,256,0,"4"
27,0,0,0,0,0,0,0,0,0,0,256,0,"4"
28,0,0,0,0,0,0,0,0,0,0,256,0,"4"
29,0,0,0,0,0,0,0,0,0,0,256,0,"4"
30,0,0,0,0,0,0,0,0,0,0,256,0,"4"
31,0,0,0,0,0,0,0,0,0,0,256,0,"4"
32,0,0,0,0,0,0,0,0,0,0,256,0,"4"
33,0,0,0,0,0,0,0,0,0,0,256,0,"4"
34,0,0,0,0,0,0,0,0,0,0,256,0,"4"
35,0,0,0,0,0,0,0,0,0,0,256,0,"4"
36,0,0,0,0,0,0,0,0,0,0,256,0,"4"
37,0,0,0,0,0,0,0,0,0,0,256,0,"4"
38,0,0,0,0,0,0,0,0,0,0,256,0,"4"
39,0,0,0,0,0,0,0,0,0,0,256,0,"4"
40,0,0,0,0,0,0,0,0,0,0,256,0,"4"
41,0,0,0,0,0,0,0,0,0,0,256,0,"4"
42,0,0,0,0,0,0,0,0,0,0,256,0,"4"
43,0,0,0,0,0,0,0,0,0,0,256,0,"4"
44,0,0,0,0,0,0,0,0,0,0,256,0,"4"
45,0,0,0,0,0,0,0,0,0,0,256,0,"4"
46,0,0,0,0,0,0,0,0,0,0,256,0,"4"
47,0,0,0,0,0,0,0,0,0,0,256,0,"4"
48,0,0,0,0,0,0,0,0,0,0,256,0,"4"
49,0,0,0,0,0,0,0,0,0,0,256,0,"4"
50,0,0,0,0,0,0,0,0,0,0,256,0,"4"
51,0,0,0,0,0,0,0,0,0,0,256,0,"4"
52,0,0,0,0,0,0,0,0,0,0,256,0,"4"
53,0,0,0,0,0,0,0,0,0,0,256,0,"4"
54,0,0,0,0,0,0,0,0,0,0,256,0,"4"
55,0,0,0,0,0,0,0,0,0,0,256,0,"4"
56,0,0,0,0,0,0,0,0,0,0,256,0,"4"
57,0,0,0,0,0,0,0,0,0,0,256,0,"4"
58,0,0,0,0,0,0,0,0,0,0,256,0,"4"
59,0,0,0,0,0,0,0,0,0,0,256,0,"4"
60,0,0,0,0,0,0,0,0,0,0,256,0,"4"
61,0,0,0,0,0,0,0,0,0,0,256,0,"4"
62,0,0,0,0,0,0,0,0,0,0,256,0,"4"
63,0,0,0,0,0,0,0,0,0,0,256,0,"4"
64,0,0,0,0,0,0,0,0,0,0,256,0,"4"
65,0,0,0,0,0,0,0,0,0,0,256,0,"4"
66,0,0,0,0,0,0,0,0,0,0,256,0,"4"
67,0,0,0,0,0,0,0,0,0,0,256,0,"4"
68,0,0,0,0,0,0,0,0,0,0,256,0,"4"
69,0,0,0,0,0,0,0,0,0,0,256,0,"4"
70,0,0,0,0,0,0,0,0,0,0,256,0,"4"
71,0,0,0,0,0,0,0,0,0,0,256,0,"4"
72,0,0,0,0,0,0,0,0,0,0,256,0,"4"
73,0,0,0,0,0,0,0,0,0,0,256,0,"4"
74,0,0,0,0,0,0,0,0,0,0,256,0,"4"
75,0,0,0,0,0,0,0,0,0,0,256,0,"4"
76,0,0,0,0,0,0,0,0,0,0,256,0,"4"
77,0,0,0,0,0,0,0,0,0,0,256,0,"4"
78,0,0,0,0,0,0,0,0,0,0,256,0,"4"
79,0,0,0,0,0,0,0,0,0,0,256,0,"4"
80,0,0,0,0,0,0,0,0,0,0,256,0,"4"
81,0,0,0,0,0,0,0,0,0,0,256,0,"4"
82,0,0,0,0,0,0,0,0,0,0,256,0,"4"
83,0,0,0,0,0,0,0,0,0,0,256,0,"4"
84,0,0,0,0,0,0,0,0,0,0,256,0,"4"
85,0,0,0,0,0,0,0,0,0,0,256,0,"4"
86,0,0,0,0,0,0,0,0,0,0,256,0,"4"
87,0,0,0,0,0,0,0,0,0,0,256,0,"4"
88,0,0,0,0,0,0,0,0,0,0,256,0,"4"
89,0,0,0,0,0,0,0,0,0,0,256,0,"4"
90,0,0,0,0,0,0,0,0,0,0,256,0,"4"
91,0,0,0,0,0,0,0,0,0,0,256,0,"4"
92,0,0,0,0,0,0,0,0,0,0,256,0,"4"
93,0,0,0,0,0,0,0,0,0,0,256,0,"4"
94,0,0,0,0,0,0,0,0,0,0,256,0,"4"
95,0,0,0,0,0,0,0,0,0,0,256,0,"4"
96,0,0,0,0,0,0,0,0,0,0,256,0,"4"
97,0,0,0,0,0,0,0,0,0,0,256,0,"4"
98,0,0,0,0,0,0,0,0,0,0,256,0,"4"
99,0,0,0,0,0,0,0,0,0,0,256,0,"4"
100,0,0,0,0,0,0,0,0,0,0,256,0,"4"
101,0,0,0,0,0,0,0,0,0,0,256,0,"4"
102,0,0,0,0,0,0,0,0,0,0,256,0,"4"
103,0,0,0,0,0,0,0,0,0,0,256,0,"4"
104,0,0,0,0,0,0,0,0,0,0,256,0,"4"
105,0,0,0,0,0,0,0,0,0,0,256,0,"4"
106,0,0,0,0,0,0,0,0,0,0,256,0,"4"
107,0,0,0,0,0,0,0,0,0,0,256,0,"4"
108,0,0,0,0,0,0,0,0,0,0,256,0,"4"
109,0,0,0,0,0,0,0,0,0,0,256,0,"4"
110,0,0,0,0,0,0,0,0,0,0,256,0,"4"
111,0,0,0,0,0,0,0,0,0,0,256,0,"4"
112,0,0,0,0,0,0,0,0,0,0,256,0,"4"
113,0,0,0,0,0,0,0,0,0,0,256,0,"4"
114,0,0,0,0,0,0,0,0,0,0,256,0,"4"
115,0,0,0,0,0,0,0,0,0,0,256,0,"4"
116,0,0,0,0,0,0,0,0,0,0,256,0,"4"
117,0,0,0,0,0,0,0,0,0,0,256,0,"4"
118,0,0,0,0,0,0,0,0,0,0,256,0,"4"
119,0,0,0,0,0,0,0,0,0,0,256,0,"4"
120,0,0,0,0,0,0,0,0,0,0,256,0,"4"
121,0,0,0,0,0,0,0,0,0,0,256,0,"4"
122,0,0,0,0,0,0,0,0,0,0,256,0,"4"
123,0,0,0,0,0,0,0,0,0,0,256,0,"4"
124,0,0,0,0,0,0,0,0,0,0,256,0,"4"
125,0,0,0,0,0,0,0,0,0,0,256,0,"4"
126,0,0,0,0,0,0,0,0,0,0,256,0,"4"
127,0,0,0,0,0,0,0,0,0,0,256,0,"4"
128,0,0,0,0,0,0,0,0,0,0,256,0,"4"
129,0,0,0,0,0,0,0,0,0,0,256,0,"4"
130,0,0,0,0,0,0,0,0,0,0,256,0,"4"
131,0,0,0,0,0,0,0,0,0,0,256,0,"4"
132,0,0,0,0,0,0,0,0,0,0,256,0,"4"
133,0,0,0,0,0,0,0,0,0,0,256,0,"4"
134,0,0,0,0,0,0,0,0,0,0,256,0,"4"
135,0,0,0,0,0,0,0,0,0,0,256,0,"4"
136,0,0,0,0,0,0,0,0,0,0,256,0,"4"
137,0,0,0,0,0,0,0,0,0,0,256,0,"4"
138,0,0,0,0,0,0,0,0,0,0,256,0,"4"
139,0,0,0,0,0,0,0,0,0,0,256,0,"4"
140,0,0,0,0,0,0,0,0,0,0,256,0,"4"
141,0,0,0,0,0,0,0,0,0,0,256,0,"4"
142,0,0,0,0,0,0,0,0,0,0,256,0,"4"
143,0,0,0,0,0,0,0,0,0,0,256,0,"4"
144,0,0,0,0,0,0,0,0,0,0,256,0,"4"
145,0,0,0,0,0,0,0,0,0,0,256,0,"4"
146,0,0,0,0,0,0,0,0,0,0,256,0,"4"
147,0,0,0,0,0,0,0,0,0,0,256,0,"4"
148,0,0,0,0,0,0,0,0,0,0,256,0,"4"
149,0,0,0,0,0,0,0,0,0,0,256,0,"4"
150,0,0,0,0,0,0,0,0,0,0,256,0,"4"
151,0,0,0,0,0,0,0,0,0,0,256,0,"4"
152,0,0,0,0,0,0,0,0,0,0,256,0,"4"
153,0,0,0,0,0,0,0,0,0,0,256,0,"4"
154,0,0,0,0,0,0,0,0,0,0,256,0,"4"
155,0,0,0,0,0,0,0,0,0,0,256,0,"4"
156,0,0,0,0,0,0,0,0,0,0,256,0,"4"
157,0,0,0,0,0,0,0,0,0,0,256,0,"4"
158,0,0,0,0,0,0,0,0,0,0,256,0,"4"
159,0,0,0,0,0,0,0,0,0,0,256,0,"4"
160,0,0,0,0,0,0,0,0,0,0,256,0,"4"
161,0,0,0,0,0,0,0,0,0,0,256,0,"4"
162,0,0,0,0,0,0,0,0,0,0,256,0,"4"
163,0,0,0,0,0,0,0,0,0,0,256,0,"4"
164,0,0,0,0,0,0,0,0,0,0,256,0,"4"
165,0,0,0,0,0,0,0,0,0,0,256,0,"4"
166,0,0,0,0,0,0,0,0,0,0,256,0,"4"
167,0,0,0,0,0,0,0,0,0,0,256,0,"4"
168,0,0,0,0,0,0,0,0,0,0,256,0,"4"
169,0,0,0,0,0,0,0,0,0,0,256,0,"4"
170,0,0,0,0,0,0,0,0,0,0,256,0,"4"
171,0,0,0,0,0,0,0,0,0,0,256,0,"4"
172,0,0,0,0,0,0,0,0,0,0,256,0,"4"
173,0,0,0,0,0,0,0,0,0,0,256,0,"4"
174,0,0,0,0,0,0,0,0,0,0,256,0,"4"
175,0,0,0,0,0,0,0,0,0,0,256,0,"4"
176,0,0,0,0,0,0,0,0,0,0,256,0,"4"
177,0,0,0,0,0,0,0,0,0,0,256,0,"4"
178,0,0,0,0,0,0,0,0,0,0,256,0,"4"
179,0,0,0,0,0,0,0,0,0,0,256,0,"4"
180,0,0,0,0,0,0,0,0,0,0,256,0,"4"
181,0,0,0,0,0,0,0,0,0,0,256,0,"4"
182,0,0,0,0,0,0,0,0,0,0,256,0,"4"
183,0,0,0,0,0,0,0,0,0,0,256,0,"4"
184,0,0,0,0,0,0,0,0,0,0,256,0,"4"
185,0,0,0,0,0,0,0,0,0,0,256,0,"4"
186,0,0,0,0,0,0,0,0,0,0,256,0,"4"
187,0,0,0,0,0,0,0,0,0,0,256,0,"4"
188,0,0,0,0,0,0,0,0,0,0,256,0,"4"
189,0,0,0,0,0,0,0,0,0,0,256,0,"4"
190,0,0,0,0,0,0,0,0,0,0,256,0,"4"
191,0,0,0,0,0,0,0,0,0,0,256,0,"4"
192,0,0,0,0,0,0,0,0,0,0,256,0,"4"
193,0,0,0,0,0,0,0,0,0,0,256,0,"4"
194,0,0,0,0,0,0,0,0,0,0,256,0,"4"
195,0,0,0,0,0,0,0,0,0,0,256,0,"4"
196,0,0,0,0,0,0,0,0,0,0,256,0,"4"
197,0,0,0,0,0,0,0,0,0,0,256,0,"4"
198,0,0,0,0,0,0,0,0,0,0,256,0,"4"
199,0,0,0,0,0,0,0,0,0,0,,,"4"
0,0.23334869742393494,0.52173912525177,0.8913043737411499,0.6304348111152649,0.8627321124076843,0.29675835371017456,0,6.695652008056641,-12.178238868713379,89.13043212890625,41,0.44372883439064026,"5"
1,0.20993787050247192,0.48076921701431274,0.9038461446762085,0.692307710647583,0.6356921792030334,0.010252827778458595,0.057692307978868484,11.365385055541992,-7.337943077087402,90.38461303710938,87,0.31064751744270325,"5"
2,0.09442295879125595,0.14130434393882751,0.3804347813129425,0.3695652186870575,0.2847220301628113,0.08995342254638672,0.054347824305295944,4.554347991943359,-2.466108560562134,39.130435943603516,123,0.11520679295063019,"5"
3,0,0,0,0,0,0,0,0,0,0,123,0,"5"
4,0.005458291154354811,0.011111111380159855,0.02222222276031971,0,0.022184796631336212,0,0,0.0555555559694767,-0.3595333397388458,2.222222328186035,125,0.008325259201228619,"5"
5,0,0,0,0,0,0,0,0,0,0,125,0,"5"
6,0.015757635235786438,0,0.06896551698446274,0,0.06886417418718338,0,0,0.17241379618644714,-1.1264482736587524,6.896551609039307,127,0,"5"
7,0,0,0,0,0,0,0,0,0,0,127,0,"5"
8,0,0,0,0,0,0,0,0,0,0,127,0,"5"
9,0,0,0,0,0,0,0,0,0,0,127,0,"5"
10,0,0,0,0,0,0,0,0,0,0,127,0,"5"
11,0,0,0,0,0,0,0,0,0,0,127,0,"5"
12,0,0,0,0,0,0,0,0,0,0,127,0,"5"
13,0,0,0,0,0,0,0,0,0,0,127,0,"5"
14,0,0,0,0,0,0,0,0,0,0,127,0,"5"
15,0,0,0,0,0,0,0,0,0,0,127,0,"5"
16,0,0,0,0,0,0,0,0,0,0,127,0,"5"
17,0,0,0,0,0,0,0,0,0,0,127,0,"5"
18,0,0,0,0,0,0,0,0,0,0,127,0,"5"
19,0,0,0,0,0,0,0,0,0,0,127,0,"5"
20,0,0,0,0,0,0,0,0,0,0,127,0,"5"
21,0,0,0,0,0,0,0,0,0,0,127,0,"5"
22,0,0,0,0,0,0,0,0,0,0,127,0,"5"
23,0,0,0,0,0,0,0,0,0,0,127,0,"5"
24,0,0,0,0,0,0,0,0,0,0,127,0,"5"
25,0,0,0,0,0,0,0,0,0,0,127,0,"5"
26,0,0,0,0,0,0,0,0,0,0,127,0,"5"
27,0,0,0,0,0,0,0,0,0,0,127,0,"5"
28,0,0,0,0,0,0,0,0,0,0,127,0,"5"
29,0,0,0,0,0,0,0,0,0,0,127,0,"5"
30,0,0,0,0,0,0,0,0,0,0,127,0,"5"
31,0,0,0,0,0,0,0,0,0,0,127,0,"5"
32,0,0,0,0,0,0,0,0,0,0,127,0,"5"
33,0,0,0,0,0,0,0,0,0,0,127,0,"5"
34,0,0,0,0,0,0,0,0,0,0,127,0,"5"
35,0,0,0,0,0,0,0,0,0,0,127,0,"5"
36,0,0,0,0,0,0,0,0,0,0,127,0,"5"
37,0,0,0,0,0,0,0,0,0,0,127,0,"5"
38,0,0,0,0,0,0,0,0,0,0,127,0,"5"
39,0,0,0,0,0,0,0,0,0,0,127,0,"5"
40,0,0,0,0,0,0,0,0,0,0,127,0,"5"
41,0,0,0,0,0,0,0,0,0,0,127,0,"5"
42,0,0,0,0,0,0,0,0,0,0,127,0,"5"
43,0,0,0,0,0,0,0,0,0,0,127,0,"5"
44,0,0,0,0,0,0,0,0,0,0,127,0,"5"
45,0,0,0,0,0,0,0,0,0,0,127,0,"5"
46,0,0,0,0,0,0,0,0,0,0,127,0,"5"
47,0,0,0,0,0,0,0,0,0,0,127,0,"5"
48,0,0,0,0,0,0,0,0,0,0,127,0,"5"
49,0,0,0,0,0,0,0,0,0,0,127,0,"5"
50,0,0,0,0,0,0,0,0,0,0,127,0,"5"
51,0,0,0,0,0,0,0,0,0,0,127,0,"5"
52,0,0,0,0,0,0,0,0,0,0,127,0,"5"
53,0,0,0,0,0,0,0,0,0,0,127,0,"5"
54,0,0,0,0,0,0,0,0,0,0,127,0,"5"
55,0,0,0,0,0,0,0,0,0,0,127,0,"5"
56,0,0,0,0,0,0,0,0,0,0,127,0,"5"
57,0,0,0,0,0,0,0,0,0,0,127,0,"5"
58,0,0,0,0,0,0,0,0,0,0,127,0,"5"
59,0,0,0,0,0,0,0,0,0,0,127,0,"5"
60,0,0,0,0,0,0,0,0,0,0,127,0,"5"
61,0,0,0,0,0,0,0,0,0,0,127,0,"5"
62,0,0,0,0,0,0,0,0,0,0,127,0,"5"
63,0,0,0,0,0,0,0,0,0,0,127,0,"5"
64,0,0,0,0,0,0,0,0,0,0,127,0,"5"
65,0,0,0,0,0,0,0,0,0,0,127,0,"5"
66,0,0,0,0,0,0,0,0,0,0,127,0,"5"
67,0,0,0,0,0,0,0,0,0,0,127,0,"5"
68,0,0,0,0,0,0,0,0,0,0,127,0,"5"
69,0,0,0,0,0,0,0,0,0,0,127,0,"5"
70,0,0,0,0,0,0,0,0,0,0,127,0,"5"
71,0,0,0,0,0,0,0,0,0,0,127,0,"5"
72,0,0,0,0,0,0,0,0,0,0,127,0,"5"
73,0,0,0,0,0,0,0,0,0,0,127,0,"5"
74,0,0,0,0,0,0,0,0,0,0,127,0,"5"
75,0,0,0,0,0,0,0,0,0,0,127,0,"5"
76,0,0,0,0,0,0,0,0,0,0,127,0,"5"
77,0,0,0,0,0,0,0,0,0,0,127,0,"5"
78,0,0,0,0,0,0,0,0,0,0,127,0,"5"
79,0,0,0,0,0,0,0,0,0,0,127,0,"5"
80,0,0,0,0,0,0,0,0,0,0,127,0,"5"
81,0,0,0,0,0,0,0,0,0,0,127,0,"5"
82,0,0,0,0,0,0,0,0,0,0,127,0,"5"
83,0,0,0,0,0,0,0,0,0,0,127,0,"5"
84,0,0,0,0,0,0,0,0,0,0,127,0,"5"
85,0,0,0,0,0,0,0,0,0,0,127,0,"5"
86,0,0,0,0,0,0,0,0,0,0,127,0,"5"
87,0,0,0,0,0,0,0,0,0,0,127,0,"5"
88,0,0,0,0,0,0,0,0,0,0,127,0,"5"
89,0,0,0,0,0,0,0,0,0,0,127,0,"5"
90,0,0,0,0,0,0,0,0,0,0,127,0,"5"
91,0,0,0,0,0,0,0,0,0,0,127,0,"5"
92,0,0,0,0,0,0,0,0,0,0,127,0,"5"
93,0,0,0,0,0,0,0,0,0,0,127,0,"5"
94,0,0,0,0,0,0,0,0,0,0,127,0,"5"
95,0,0,0,0,0,0,0,0,0,0,127,0,"5"
96,0,0,0,0,0,0,0,0,0,0,127,0,"5"
97,0,0,0,0,0,0,0,0,0,0,127,0,"5"
98,0,0,0,0,0,0,0,0,0,0,127,0,"5"
99,0,0,0,0,0,0,0,0,0,0,127,0,"5"
100,0,0,0,0,0,0,0,0,0,0,127,0,"5"
101,0,0,0,0,0,0,0,0,0,0,127,0,"5"
102,0,0,0,0,0,0,0,0,0,0,127,0,"5"
103,0,0,0,0,0,0,0,0,0,0,127,0,"5"
104,0,0,0,0,0,0,0,0,0,0,127,0,"5"
105,0,0,0,0,0,0,0,0,0,0,127,0,"5"
106,0,0,0,0,0,0,0,0,0,0,127,0,"5"
107,0,0,0,0,0,0,0,0,0,0,127,0,"5"
108,0,0,0,0,0,0,0,0,0,0,127,0,"5"
109,0,0,0,0,0,0,0,0,0,0,127,0,"5"
110,0,0,0,0,0,0,0,0,0,0,127,0,"5"
111,0,0,0,0,0,0,0,0,0,0,127,0,"5"
112,0,0,0,0,0,0,0,0,0,0,127,0,"5"
113,0,0,0,0,0,0,0,0,0,0,127,0,"5"
114,0,0,0,0,0,0,0,0,0,0,127,0,"5"
115,0,0,0,0,0,0,0,0,0,0,127,0,"5"
116,0,0,0,0,0,0,0,0,0,0,127,0,"5"
117,0,0,0,0,0,0,0,0,0,0,127,0,"5"
118,0,0,0,0,0,0,0,0,0,0,127,0,"5"
119,0,0,0,0,0,0,0,0,0,0,127,0,"5"
120,0,0,0,0,0,0,0,0,0,0,127,0,"5"
121,0,0,0,0,0,0,0,0,0,0,127,0,"5"
122,0,0,0,0,0,0,0,0,0,0,127,0,"5"
123,0,0,0,0,0,0,0,0,0,0,127,0,"5"
124,0,0,0,0,0,0,0,0,0,0,127,0,"5"
125,0,0,0,0,0,0,0,0,0,0,127,0,"5"
126,0,0,0,0,0,0,0,0,0,0,127,0,"5"
127,0,0,0,0,0,0,0,0,0,0,127,0,"5"
128,0,0,0,0,0,0,0,0,0,0,127,0,"5"
129,0,0,0,0,0,0,0,0,0,0,127,0,"5"
130,0,0,0,0,0,0,0,0,0,0,127,0,"5"
131,0,0,0,0,0,0,0,0,0,0,127,0,"5"
132,0,0,0,0,0,0,0,0,0,0,127,0,"5"
133,0,0,0,0,0,0,0,0,0,0,127,0,"5"
134,0,0,0,0,0,0,0,0,0,0,127,0,"5"
135,0,0,0,0,0,0,0,0,0,0,127,0,"5"
136,0,0,0,0,0,0,0,0,0,0,127,0,"5"
137,0,0,0,0,0,0,0,0,0,0,127,0,"5"
138,0,0,0,0,0,0,0,0,0,0,127,0,"5"
139,0,0,0,0,0,0,0,0,0,0,127,0,"5"
140,0,0,0,0,0,0,0,0,0,0,127,0,"5"
141,0,0,0,0,0,0,0,0,0,0,127,0,"5"
142,0,0,0,0,0,0,0,0,0,0,127,0,"5"
143,0,0,0,0,0,0,0,0,0,0,127,0,"5"
144,0,0,0,0,0,0,0,0,0,0,127,0,"5"
145,0,0,0,0,0,0,0,0,0,0,127,0,"5"
146,0,0,0,0,0,0,0,0,0,0,127,0,"5"
147,0,0,0,0,0,0,0,0,0,0,127,0,"5"
148,0,0,0,0,0,0,0,0,0,0,127,0,"5"
149,0,0,0,0,0,0,0,0,0,0,127,0,"5"
150,0,0,0,0,0,0,0,0,0,0,127,0,"5"
151,0,0,0,0,0,0,0,0,0,0,127,0,"5"
152,0,0,0,0,0,0,0,0,0,0,127,0,"5"
153,0,0,0,0,0,0,0,0,0,0,127,0,"5"
154,0,0,0,0,0,0,0,0,0,0,127,0,"5"
155,0,0,0,0,0,0,0,0,0,0,127,0,"5"
156,0,0,0,0,0,0,0,0,0,0,127,0,"5"
157,0,0,0,0,0,0,0,0,0,0,127,0,"5"
158,0,0,0,0,0,0,0,0,0,0,127,0,"5"
159,0,0,0,0,0,0,0,0,0,0,127,0,"5"
160,0,0,0,0,0,0,0,0,0,0,127,0,"5"
161,0,0,0,0,0,0,0,0,0,0,127,0,"5"
162,0,0,0,0,0,0,0,0,0,0,127,0,"5"
163,0,0,0,0,0,0,0,0,0,0,127,0,"5"
164,0,0,0,0,0,0,0,0,0,0,127,0,"5"
165,0,0,0,0,0,0,0,0,0,0,127,0,"5"
166,0,0,0,0,0,0,0,0,0,0,127,0,"5"
167,0,0,0,0,0,0,0,0,0,0,127,0,"5"
168,0,0,0,0,0,0,0,0,0,0,127,0,"5"
169,0,0,0,0,0,0,0,0,0,0,127,0,"5"
170,0,0,0,0,0,0,0,0,0,0,127,0,"5"
171,0,0,0,0,0,0,0,0,0,0,127,0,"5"
172,0,0,0,0,0,0,0,0,0,0,127,0,"5"
173,0,0,0,0,0,0,0,0,0,0,127,0,"5"
174,0,0,0,0,0,0,0,0,0,0,127,0,"5"
175,0,0,0,0,0,0,0,0,0,0,127,0,"5"
176,0,0,0,0,0,0,0,0,0,0,127,0,"5"
177,0,0,0,0,0,0,0,0,0,0,127,0,"5"
178,0,0,0,0,0,0,0,0,0,0,127,0,"5"
179,0,0,0,0,0,0,0,0,0,0,127,0,"5"
180,0,0,0,0,0,0,0,0,0,0,127,0,"5"
181,0,0,0,0,0,0,0,0,0,0,127,0,"5"
182,0,0,0,0,0,0,0,0,0,0,127,0,"5"
183,0,0,0,0,0,0,0,0,0,0,127,0,"5"
184,0,0,0,0,0,0,0,0,0,0,127,0,"5"
185,0,0,0,0,0,0,0,0,0,0,127,0,"5"
186,0,0,0,0,0,0,0,0,0,0,127,0,"5"
187,0,0,0,0,0,0,0,0,0,0,127,0,"5"
188,0,0,0,0,0,0,0,0,0,0,127,0,"5"
189,0,0,0,0,0,0,0,0,0,0,127,0,"5"
190,0,0,0,0,0,0,0,0,0,0,127,0,"5"
191,0,0,0,0,0,0,0,0,0,0,127,0,"5"
192,0,0,0,0,0,0,0,0,0,0,127,0,"5"
193,0,0,0,0,0,0,0,0,0,0,127,0,"5"
194,0,0,0,0,0,0,0,0,0,0,127,0,"5"
195,0,0,0,0,0,0,0,0,0,0,127,0,"5"
196,0,0,0,0,0,0,0,0,0,0,127,0,"5"
197,0,0,0,0,0,0,0,0,0,0,127,0,"5"
198,0,0,0,0,0,0,0,0,0,0,127,0,"5"
199,0,0,0,0,0,0,0,,,,,,"5"
