"step","Tanimoto_ROCS_sim","Custom_alerts","Linker_Num_Aromatic_Rings","Linker_Effective_Length","ADV","PostDock_Tanimoto_ROCS_sim","raw_Linker_Num_Aromatic_Rings","raw_Linker_Effective_Length","raw_ADV","Valid_SMILES","Number_of_SMILES_found","Average_score","low_upper","Link Length"
0,0.24180637300014496,0.3611111044883728,0.9166666865348816,0.3333333432674408,0.823952317237854,0.443746417760849,0.1666666716337204,8.80555534362793,-10.836305618286133,94.44444274902344,34,0.05526299774646759,"7_8","7~8"
1,0.09261086583137512,0.014084506779909134,0.4084506928920746,0.0845070406794548,0.3207286596298218,0.07938778400421143,0.09859155118465424,5.056337833404541,-3.8924646377563477,45.0704231262207,66,0,"7_8","7~8"
2,0.12415631860494614,0.03896103799343109,0.48051947355270386,0.09090909361839294,0.3864576518535614,0.204262837767601,0.03896103799343109,4.298701286315918,-4.9311299324035645,48.05194854736328,102,0,"7_8","7~8"
3,0.07998525351285934,0,0.3333333432674408,0.013888888992369175,0.2718130648136139,0.013187428936362267,0,3.7361111640930176,-3.1563334465026855,33.33333206176758,125,0,"7_8","7~8"
4,0.08938521146774292,0,0.3877550959587097,0.020408162847161293,0.3519856929779053,0.019963333383202553,0,3.6122448444366455,-4.475836753845215,38.775508880615234,144,0,"7_8","7~8"
5,0.09618186950683594,0.1785714328289032,0.3928571343421936,0.2857142984867096,0.3906964957714081,0.07025215774774551,0,2.892857074737549,-5.57042932510376,39.28571319580078,155,0.03549577295780182,"7_8","7~8"
6,0.08716969192028046,0.05714285746216774,0.3142857253551483,0.2571428716182709,0.3109149932861328,0,0,2.4000000953674316,-4.145857334136963,31.428571701049805,166,0,"7_8","7~8"
7,0,0,0,0,0,0,0,0,0,0,166,0,"7_8","7~8"
8,0.021469714120030403,0.03846153989434242,0.07692307978868484,0.03846153989434242,0.07645086944103241,0,0,0.5384615659713745,-1.069000005722046,7.692307472229004,168,0,"7_8","7~8"
9,0.006648327223956585,0,0.054054055362939835,0,0.028418606147170067,0,0,0.2432432472705841,-0.4330540597438812,5.405405521392822,170,0,"7_8","7~8"
10,0,0,0,0,0,0,0,0,0,0,170,0,"7_8","7~8"
11,0,0,0,0,0,0,0,0,0,0,170,0,"7_8","7~8"
12,0,0,0,0,0,0,0,0,0,0,170,0,"7_8","7~8"
13,0,0,0,0,0,0,0,0,0,0,170,0,"7_8","7~8"
14,0,0,0,0,0,0,0,0,0,0,170,0,"7_8","7~8"
15,0,0,0,0,0,0,0,0,0,0,170,0,"7_8","7~8"
16,0,0,0,0,0,0,0,0,0,0,170,0,"7_8","7~8"
17,0,0,0,0,0,0,0,0,0,0,170,0,"7_8","7~8"
18,0,0,0,0,0,0,0,0,0,0,170,0,"7_8","7~8"
19,0,0,0,0,0,0,0,0,0,0,170,0,"7_8","7~8"
20,0,0,0,0,0,0,0,0,0,0,170,0,"7_8","7~8"
21,0,0,0,0,0,0,0,0,0,0,170,0,"7_8","7~8"
22,0,0,0,0,0,0,0,0,0,0,170,0,"7_8","7~8"
23,0,0,0,0,0,0,0,0,0,0,170,0,"7_8","7~8"
24,0,0,0,0,0,0,0,0,0,0,170,0,"7_8","7~8"
25,0,0,0,0,0,0,0,0,0,0,170,0,"7_8","7~8"
26,0,0,0,0,0,0,0,0,0,0,170,0,"7_8","7~8"
27,0,0,0,0,0,0,0,0,0,0,170,0,"7_8","7~8"
28,0,0,0,0,0,0,0,0,0,0,170,0,"7_8","7~8"
29,0,0,0,0,0,0,0,0,0,0,170,0,"7_8","7~8"
30,0,0,0,0,0,0,0,0,0,0,170,0,"7_8","7~8"
31,0,0,0,0,0,0,0,0,0,0,170,0,"7_8","7~8"
32,0,0,0,0,0,0,0,0,0,0,170,0,"7_8","7~8"
33,0,0,0,0,0,0,0,0,0,0,170,0,"7_8","7~8"
34,0,0,0,0,0,0,0,0,0,0,170,0,"7_8","7~8"
35,0,0,0,0,0,0,0,0,0,0,170,0,"7_8","7~8"
36,0,0,0,0,0,0,0,0,0,0,170,0,"7_8","7~8"
37,0,0,0,0,0,0,0,0,0,0,170,0,"7_8","7~8"
38,0,0,0,0,0,0,0,0,0,0,170,0,"7_8","7~8"
39,0,0,0,0,0,0,0,0,0,0,170,0,"7_8","7~8"
40,0,0,0,0,0,0,0,0,0,0,170,0,"7_8","7~8"
41,0,0,0,0,0,0,0,0,0,0,170,0,"7_8","7~8"
42,0,0,0,0,0,0,0,0,0,0,170,0,"7_8","7~8"
43,0,0,0,0,0,0,0,0,0,0,170,0,"7_8","7~8"
44,0,0,0,0,0,0,0,0,0,0,170,0,"7_8","7~8"
45,0,0,0,0,0,0,0,0,0,0,170,0,"7_8","7~8"
46,0,0,0,0,0,0,0,0,0,0,170,0,"7_8","7~8"
47,0,0,0,0,0,0,0,0,0,0,170,0,"7_8","7~8"
48,0,0,0,0,0,0,0,0,0,0,170,0,"7_8","7~8"
49,0,0,0,0,0,0,0,0,0,0,170,0,"7_8","7~8"
50,0,0,0,0,0,0,0,0,0,0,170,0,"7_8","7~8"
51,0,0,0,0,0,0,0,0,0,0,170,0,"7_8","7~8"
52,0,0,0,0,0,0,0,0,0,0,170,0,"7_8","7~8"
53,0,0,0,0,0,0,0,0,0,0,170,0,"7_8","7~8"
54,0,0,0,0,0,0,0,0,0,0,170,0,"7_8","7~8"
55,0,0,0,0,0,0,0,0,0,0,170,0,"7_8","7~8"
56,0,0,0,0,0,0,0,0,0,0,170,0,"7_8","7~8"
57,0,0,0,0,0,0,0,0,0,0,170,0,"7_8","7~8"
58,0,0,0,0,0,0,0,0,0,0,170,0,"7_8","7~8"
59,0,0,0,0,0,0,0,0,0,0,170,0,"7_8","7~8"
60,0,0,0,0,0,0,0,0,0,0,170,0,"7_8","7~8"
61,0,0,0,0,0,0,0,0,0,0,170,0,"7_8","7~8"
62,0,0,0,0,0,0,0,0,0,0,170,0,"7_8","7~8"
63,0,0,0,0,0,0,0,0,0,0,170,0,"7_8","7~8"
64,0,0,0,0,0,0,0,0,0,0,170,0,"7_8","7~8"
65,0,0,0,0,0,0,0,0,0,0,170,0,"7_8","7~8"
66,0,0,0,0,0,0,0,0,0,0,170,0,"7_8","7~8"
67,0,0,0,0,0,0,0,0,0,0,170,0,"7_8","7~8"
68,0,0,0,0,0,0,0,0,0,0,170,0,"7_8","7~8"
69,0,0,0,0,0,0,0,0,0,0,170,0,"7_8","7~8"
70,0,0,0,0,0,0,0,0,0,0,170,0,"7_8","7~8"
71,0,0,0,0,0,0,0,0,0,0,170,0,"7_8","7~8"
72,0,0,0,0,0,0,0,0,0,0,170,0,"7_8","7~8"
73,0,0,0,0,0,0,0,0,0,0,170,0,"7_8","7~8"
74,0,0,0,0,0,0,0,0,0,0,170,0,"7_8","7~8"
75,0,0,0,0,0,0,0,0,0,0,170,0,"7_8","7~8"
76,0,0,0,0,0,0,0,0,0,0,170,0,"7_8","7~8"
77,0,0,0,0,0,0,0,0,0,0,170,0,"7_8","7~8"
78,0,0,0,0,0,0,0,0,0,0,170,0,"7_8","7~8"
79,0,0,0,0,0,0,0,0,0,0,170,0,"7_8","7~8"
80,0,0,0,0,0,0,0,0,0,0,170,0,"7_8","7~8"
81,0,0,0,0,0,0,0,0,0,0,170,0,"7_8","7~8"
82,0,0,0,0,0,0,0,0,0,0,170,0,"7_8","7~8"
83,0,0,0,0,0,0,0,0,0,0,170,0,"7_8","7~8"
84,0,0,0,0,0,0,0,0,0,0,170,0,"7_8","7~8"
85,0,0,0,0,0,0,0,0,0,0,170,0,"7_8","7~8"
86,0,0,0,0,0,0,0,0,0,0,170,0,"7_8","7~8"
87,0,0,0,0,0,0,0,0,0,0,170,0,"7_8","7~8"
88,0,0,0,0,0,0,0,0,0,0,170,0,"7_8","7~8"
89,0,0,0,0,0,0,0,0,0,0,170,0,"7_8","7~8"
90,0,0,0,0,0,0,0,0,0,0,170,0,"7_8","7~8"
91,0,0,0,0,0,0,0,0,0,0,170,0,"7_8","7~8"
92,0,0,0,0,0,0,0,0,0,0,170,0,"7_8","7~8"
93,0,0,0,0,0,0,0,0,0,0,170,0,"7_8","7~8"
94,0,0,0,0,0,0,0,0,0,0,170,0,"7_8","7~8"
95,0,0,0,0,0,0,0,0,0,0,170,0,"7_8","7~8"
96,0,0,0,0,0,0,0,0,0,0,170,0,"7_8","7~8"
97,0,0,0,0,0,0,0,0,0,0,170,0,"7_8","7~8"
98,0,0,0,0,0,0,0,0,0,0,170,0,"7_8","7~8"
99,0,0,0,0,0,0,0,0,0,0,170,0,"7_8","7~8"
100,0,0,0,0,0,0,0,0,0,0,170,0,"7_8","7~8"
101,0,0,0,0,0,0,0,0,0,0,170,0,"7_8","7~8"
102,0,0,0,0,0,0,0,0,0,0,170,0,"7_8","7~8"
103,0,0,0,0,0,0,0,0,0,0,170,0,"7_8","7~8"
104,0,0,0,0,0,0,0,0,0,0,170,0,"7_8","7~8"
105,0,0,0,0,0,0,0,0,0,0,170,0,"7_8","7~8"
106,0,0,0,0,0,0,0,0,0,0,170,0,"7_8","7~8"
107,0,0,0,0,0,0,0,0,0,0,170,0,"7_8","7~8"
108,0,0,0,0,0,0,0,0,0,0,170,0,"7_8","7~8"
109,0,0,0,0,0,0,0,0,0,0,170,0,"7_8","7~8"
110,0,0,0,0,0,0,0,0,0,0,170,0,"7_8","7~8"
111,0,0,0,0,0,0,0,0,0,0,170,0,"7_8","7~8"
112,0,0,0,0,0,0,0,0,0,0,170,0,"7_8","7~8"
113,0,0,0,0,0,0,0,0,0,0,170,0,"7_8","7~8"
114,0,0,0,0,0,0,0,0,0,0,170,0,"7_8","7~8"
115,0,0,0,0,0,0,0,0,0,0,170,0,"7_8","7~8"
116,0,0,0,0,0,0,0,0,0,0,170,0,"7_8","7~8"
117,0,0,0,0,0,0,0,0,0,0,170,0,"7_8","7~8"
118,0,0,0,0,0,0,0,0,0,0,170,0,"7_8","7~8"
119,0,0,0,0,0,0,0,0,0,0,170,0,"7_8","7~8"
120,0,0,0,0,0,0,0,0,0,0,170,0,"7_8","7~8"
121,0,0,0,0,0,0,0,0,0,0,170,0,"7_8","7~8"
122,0,0,0,0,0,0,0,0,0,0,170,0,"7_8","7~8"
123,0,0,0,0,0,0,0,0,0,0,170,0,"7_8","7~8"
124,0,0,0,0,0,0,0,0,0,0,170,0,"7_8","7~8"
125,0,0,0,0,0,0,0,0,0,0,170,0,"7_8","7~8"
126,0,0,0,0,0,0,0,0,0,0,170,0,"7_8","7~8"
127,0,0,0,0,0,0,0,0,0,0,170,0,"7_8","7~8"
128,0,0,0,0,0,0,0,0,0,0,170,0,"7_8","7~8"
129,0,0,0,0,0,0,0,0,0,0,170,0,"7_8","7~8"
130,0,0,0,0,0,0,0,0,0,0,170,0,"7_8","7~8"
131,0,0,0,0,0,0,0,0,0,0,170,0,"7_8","7~8"
132,0,0,0,0,0,0,0,0,0,0,170,0,"7_8","7~8"
133,0,0,0,0,0,0,0,0,0,0,170,0,"7_8","7~8"
134,0,0,0,0,0,0,0,0,0,0,170,0,"7_8","7~8"
135,0,0,0,0,0,0,0,0,0,0,170,0,"7_8","7~8"
136,0,0,0,0,0,0,0,0,0,0,170,0,"7_8","7~8"
137,0,0,0,0,0,0,0,0,0,0,170,0,"7_8","7~8"
138,0,0,0,0,0,0,0,0,0,0,170,0,"7_8","7~8"
139,0,0,0,0,0,0,0,0,0,0,170,0,"7_8","7~8"
140,0,0,0,0,0,0,0,0,0,0,170,0,"7_8","7~8"
141,0,0,0,0,0,0,0,0,0,0,170,0,"7_8","7~8"
142,0,0,0,0,0,0,0,0,0,0,170,0,"7_8","7~8"
143,0,0,0,0,0,0,0,0,0,0,170,0,"7_8","7~8"
144,0,0,0,0,0,0,0,0,0,0,170,0,"7_8","7~8"
145,0,0,0,0,0,0,0,0,0,0,170,0,"7_8","7~8"
146,0,0,0,0,0,0,0,0,0,0,170,0,"7_8","7~8"
147,0,0,0,0,0,0,0,0,0,0,170,0,"7_8","7~8"
148,0,0,0,0,0,0,0,0,0,0,170,0,"7_8","7~8"
149,0,0,0,0,0,0,0,0,0,0,170,0,"7_8","7~8"
150,0,0,0,0,0,0,0,0,0,0,170,0,"7_8","7~8"
151,0,0,0,0,0,0,0,0,0,0,170,0,"7_8","7~8"
152,0,0,0,0,0,0,0,0,0,0,170,0,"7_8","7~8"
153,0,0,0,0,0,0,0,0,0,0,170,0,"7_8","7~8"
154,0,0,0,0,0,0,0,0,0,0,170,0,"7_8","7~8"
155,0,0,0,0,0,0,0,0,0,0,170,0,"7_8","7~8"
156,0,0,0,0,0,0,0,0,0,0,170,0,"7_8","7~8"
157,0,0,0,0,0,0,0,0,0,0,170,0,"7_8","7~8"
158,0,0,0,0,0,0,0,0,0,0,170,0,"7_8","7~8"
159,0,0,0,0,0,0,0,0,0,0,170,0,"7_8","7~8"
160,0,0,0,0,0,0,0,0,0,0,170,0,"7_8","7~8"
161,0,0,0,0,0,0,0,0,0,0,170,0,"7_8","7~8"
162,0,0,0,0,0,0,0,0,0,0,170,0,"7_8","7~8"
163,0,0,0,0,0,0,0,0,0,0,170,0,"7_8","7~8"
164,0,0,0,0,0,0,0,0,0,0,170,0,"7_8","7~8"
165,0,0,0,0,0,0,0,0,0,0,170,0,"7_8","7~8"
166,0,0,0,0,0,0,0,0,0,0,170,0,"7_8","7~8"
167,0,0,0,0,0,0,0,0,0,0,170,0,"7_8","7~8"
168,0,0,0,0,0,0,0,0,0,0,170,0,"7_8","7~8"
169,0,0,0,0,0,0,0,0,0,0,170,0,"7_8","7~8"
170,0,0,0,0,0,0,0,0,0,0,170,0,"7_8","7~8"
171,0,0,0,0,0,0,0,0,0,0,170,0,"7_8","7~8"
172,0,0,0,0,0,0,0,0,0,0,170,0,"7_8","7~8"
173,0,0,0,0,0,0,0,0,0,0,170,0,"7_8","7~8"
174,0,0,0,0,0,0,0,0,0,0,170,0,"7_8","7~8"
175,0,0,0,0,0,0,0,0,0,0,170,0,"7_8","7~8"
176,0,0,0,0,0,0,0,0,0,0,170,0,"7_8","7~8"
177,0,0,0,0,0,0,0,0,0,0,170,0,"7_8","7~8"
178,0,0,0,0,0,0,0,0,0,0,170,0,"7_8","7~8"
179,0,0,0,0,0,0,0,0,0,0,170,0,"7_8","7~8"
180,0,0,0,0,0,0,0,0,0,0,170,0,"7_8","7~8"
181,0,0,0,0,0,0,0,0,0,0,170,0,"7_8","7~8"
182,0,0,0,0,0,0,0,0,0,0,170,0,"7_8","7~8"
183,0,0,0,0,0,0,0,0,0,0,170,0,"7_8","7~8"
184,0,0,0,0,0,0,0,0,0,0,170,0,"7_8","7~8"
185,0,0,0,0,0,0,0,0,0,0,170,0,"7_8","7~8"
186,0,0,0,0,0,0,0,0,0,0,170,0,"7_8","7~8"
187,0,0,0,0,0,0,0,0,0,0,170,0,"7_8","7~8"
188,0,0,0,0,0,0,0,0,0,0,170,0,"7_8","7~8"
189,0,0,0,0,0,0,0,0,0,0,170,0,"7_8","7~8"
190,0,0,0,0,0,0,0,0,0,0,170,0,"7_8","7~8"
191,0,0,0,0,0,0,0,0,0,0,170,0,"7_8","7~8"
192,0,0,0,0,0,0,0,0,0,0,170,0,"7_8","7~8"
193,0,0,0,0,0,0,0,0,0,0,170,0,"7_8","7~8"
194,0,0,0,0,0,0,0,0,0,0,170,0,"7_8","7~8"
195,0,0,0,0,0,0,0,0,0,0,170,0,"7_8","7~8"
196,0,0,0,0,0,0,0,0,0,0,170,0,"7_8","7~8"
197,0,0,0,0,0,0,0,0,0,0,170,0,"7_8","7~8"
198,0,0,0,0,0,0,0,0,0,0,170,0,"7_8","7~8"
199,0,0,0,0,0,,,,,,,,"7_8","7~8"
0,0.2007714807987213,0.5882353186607361,0.8235294222831726,0.3529411852359772,0.7466458082199097,0.0865027904510498,0.0882352963089943,6.411764621734619,-10.466529846191406,82.35294342041016,28,0.05850353091955185,"7_9","7~9"
1,0.06375408917665482,0.02985074557363987,0.26865673065185547,0.11940298229455948,0.264986127614975,0.23695051670074463,0.014925372786819935,1.8358209133148193,-3.583178997039795,26.865671157836914,46,0,"7_9","7~9"
2,0.021788787096738815,0.0317460335791111,0.0793650820851326,0.0476190485060215,0.07830998301506042,0.061348725110292435,0,0.682539701461792,-1.0643649101257324,7.936507701873779,51,0,"7_9","7~9"
3,0.06831008195877075,0,0.2631579041481018,0.15789473056793213,0.25634604692459106,0.23821118474006653,0,1.736842155456543,-3.272895097732544,26.3157901763916,56,0,"7_9","7~9"
4,0,0,0,0,0,0,0,0,0,0,56,0,"7_9","7~9"
5,0,0,0,0,0,0,0,0,0,0,56,0,"7_9","7~9"
6,0,0,0,0,0,0,0,0,0,0,56,0,"7_9","7~9"
7,0,0,0,0,0,0,0,0,0,0,56,0,"7_9","7~9"
8,0,0,0,0,0,0,0,0,0,0,56,0,"7_9","7~9"
9,0,0,0,0,0,0,0,0,0,0,56,0,"7_9","7~9"
10,0,0,0,0,0,0,0,0,0,0,56,0,"7_9","7~9"
11,0,0,0,0,0,0,0,0,0,0,56,0,"7_9","7~9"
12,0,0,0,0,0,0,0,0,0,0,56,0,"7_9","7~9"
13,0,0,0,0,0,0,0,0,0,0,56,0,"7_9","7~9"
14,0,0,0,0,0,0,0,0,0,0,56,0,"7_9","7~9"
15,0,0,0,0,0,0,0,0,0,0,56,0,"7_9","7~9"
16,0,0,0,0,0,0,0,0,0,0,56,0,"7_9","7~9"
17,0,0,0,0,0,0,0,0,0,0,56,0,"7_9","7~9"
18,0,0,0,0,0,0,0,0,0,0,56,0,"7_9","7~9"
19,0,0,0,0,0,0,0,0,0,0,56,0,"7_9","7~9"
20,0,0,0,0,0,0,0,0,0,0,56,0,"7_9","7~9"
21,0,0,0,0,0,0,0,0,0,0,56,0,"7_9","7~9"
22,0,0,0,0,0,0,0,0,0,0,56,0,"7_9","7~9"
23,0,0,0,0,0,0,0,0,0,0,56,0,"7_9","7~9"
24,0,0,0,0,0,0,0,0,0,0,56,0,"7_9","7~9"
25,0,0,0,0,0,0,0,0,0,0,56,0,"7_9","7~9"
26,0,0,0,0,0,0,0,0,0,0,56,0,"7_9","7~9"
27,0,0,0,0,0,0,0,0,0,0,56,0,"7_9","7~9"
28,0,0,0,0,0,0,0,0,0,0,56,0,"7_9","7~9"
29,0,0,0,0,0,0,0,0,0,0,56,0,"7_9","7~9"
30,0,0,0,0,0,0,0,0,0,0,56,0,"7_9","7~9"
31,0,0,0,0,0,0,0,0,0,0,56,0,"7_9","7~9"
32,0,0,0,0,0,0,0,0,0,0,56,0,"7_9","7~9"
33,0,0,0,0,0,0,0,0,0,0,56,0,"7_9","7~9"
34,0,0,0,0,0,0,0,0,0,0,56,0,"7_9","7~9"
35,0,0,0,0,0,0,0,0,0,0,56,0,"7_9","7~9"
36,0,0,0,0,0,0,0,0,0,0,56,0,"7_9","7~9"
37,0,0,0,0,0,0,0,0,0,0,56,0,"7_9","7~9"
38,0,0,0,0,0,0,0,0,0,0,56,0,"7_9","7~9"
39,0,0,0,0,0,0,0,0,0,0,56,0,"7_9","7~9"
40,0,0,0,0,0,0,0,0,0,0,56,0,"7_9","7~9"
41,0,0,0,0,0,0,0,0,0,0,56,0,"7_9","7~9"
42,0,0,0,0,0,0,0,0,0,0,56,0,"7_9","7~9"
43,0,0,0,0,0,0,0,0,0,0,56,0,"7_9","7~9"
44,0,0,0,0,0,0,0,0,0,0,56,0,"7_9","7~9"
45,0,0,0,0,0,0,0,0,0,0,56,0,"7_9","7~9"
46,0,0,0,0,0,0,0,0,0,0,56,0,"7_9","7~9"
47,0,0,0,0,0,0,0,0,0,0,56,0,"7_9","7~9"
48,0,0,0,0,0,0,0,0,0,0,56,0,"7_9","7~9"
49,0,0,0,0,0,0,0,0,0,0,56,0,"7_9","7~9"
50,0,0,0,0,0,0,0,0,0,0,56,0,"7_9","7~9"
51,0,0,0,0,0,0,0,0,0,0,56,0,"7_9","7~9"
52,0,0,0,0,0,0,0,0,0,0,56,0,"7_9","7~9"
53,0,0,0,0,0,0,0,0,0,0,56,0,"7_9","7~9"
54,0,0,0,0,0,0,0,0,0,0,56,0,"7_9","7~9"
55,0,0,0,0,0,0,0,0,0,0,56,0,"7_9","7~9"
56,0,0,0,0,0,0,0,0,0,0,56,0,"7_9","7~9"
57,0,0,0,0,0,0,0,0,0,0,56,0,"7_9","7~9"
58,0,0,0,0,0,0,0,0,0,0,56,0,"7_9","7~9"
59,0,0,0,0,0,0,0,0,0,0,56,0,"7_9","7~9"
60,0,0,0,0,0,0,0,0,0,0,56,0,"7_9","7~9"
61,0,0,0,0,0,0,0,0,0,0,56,0,"7_9","7~9"
62,0,0,0,0,0,0,0,0,0,0,56,0,"7_9","7~9"
63,0,0,0,0,0,0,0,0,0,0,56,0,"7_9","7~9"
64,0,0,0,0,0,0,0,0,0,0,56,0,"7_9","7~9"
65,0,0,0,0,0,0,0,0,0,0,56,0,"7_9","7~9"
66,0,0,0,0,0,0,0,0,0,0,56,0,"7_9","7~9"
67,0,0,0,0,0,0,0,0,0,0,56,0,"7_9","7~9"
68,0,0,0,0,0,0,0,0,0,0,56,0,"7_9","7~9"
69,0,0,0,0,0,0,0,0,0,0,56,0,"7_9","7~9"
70,0,0,0,0,0,0,0,0,0,0,56,0,"7_9","7~9"
71,0,0,0,0,0,0,0,0,0,0,56,0,"7_9","7~9"
72,0,0,0,0,0,0,0,0,0,0,56,0,"7_9","7~9"
73,0,0,0,0,0,0,0,0,0,0,56,0,"7_9","7~9"
74,0,0,0,0,0,0,0,0,0,0,56,0,"7_9","7~9"
75,0,0,0,0,0,0,0,0,0,0,56,0,"7_9","7~9"
76,0,0,0,0,0,0,0,0,0,0,56,0,"7_9","7~9"
77,0,0,0,0,0,0,0,0,0,0,56,0,"7_9","7~9"
78,0,0,0,0,0,0,0,0,0,0,56,0,"7_9","7~9"
79,0,0,0,0,0,0,0,0,0,0,56,0,"7_9","7~9"
80,0,0,0,0,0,0,0,0,0,0,56,0,"7_9","7~9"
81,0,0,0,0,0,0,0,0,0,0,56,0,"7_9","7~9"
82,0,0,0,0,0,0,0,0,0,0,56,0,"7_9","7~9"
83,0,0,0,0,0,0,0,0,0,0,56,0,"7_9","7~9"
84,0,0,0,0,0,0,0,0,0,0,56,0,"7_9","7~9"
85,0,0,0,0,0,0,0,0,0,0,56,0,"7_9","7~9"
86,0,0,0,0,0,0,0,0,0,0,56,0,"7_9","7~9"
87,0,0,0,0,0,0,0,0,0,0,56,0,"7_9","7~9"
88,0,0,0,0,0,0,0,0,0,0,56,0,"7_9","7~9"
89,0,0,0,0,0,0,0,0,0,0,56,0,"7_9","7~9"
90,0,0,0,0,0,0,0,0,0,0,56,0,"7_9","7~9"
91,0,0,0,0,0,0,0,0,0,0,56,0,"7_9","7~9"
92,0,0,0,0,0,0,0,0,0,0,56,0,"7_9","7~9"
93,0,0,0,0,0,0,0,0,0,0,56,0,"7_9","7~9"
94,0,0,0,0,0,0,0,0,0,0,56,0,"7_9","7~9"
95,0,0,0,0,0,0,0,0,0,0,56,0,"7_9","7~9"
96,0,0,0,0,0,0,0,0,0,0,56,0,"7_9","7~9"
97,0,0,0,0,0,0,0,0,0,0,56,0,"7_9","7~9"
98,0,0,0,0,0,0,0,0,0,0,56,0,"7_9","7~9"
99,0,0,0,0,0,0,0,0,0,0,56,0,"7_9","7~9"
100,0,0,0,0,0,0,0,0,0,0,56,0,"7_9","7~9"
101,0,0,0,0,0,0,0,0,0,0,56,0,"7_9","7~9"
102,0,0,0,0,0,0,0,0,0,0,56,0,"7_9","7~9"
103,0,0,0,0,0,0,0,0,0,0,56,0,"7_9","7~9"
104,0,0,0,0,0,0,0,0,0,0,56,0,"7_9","7~9"
105,0,0,0,0,0,0,0,0,0,0,56,0,"7_9","7~9"
106,0,0,0,0,0,0,0,0,0,0,56,0,"7_9","7~9"
107,0,0,0,0,0,0,0,0,0,0,56,0,"7_9","7~9"
108,0,0,0,0,0,0,0,0,0,0,56,0,"7_9","7~9"
109,0,0,0,0,0,0,0,0,0,0,56,0,"7_9","7~9"
110,0,0,0,0,0,0,0,0,0,0,56,0,"7_9","7~9"
111,0,0,0,0,0,0,0,0,0,0,56,0,"7_9","7~9"
112,0,0,0,0,0,0,0,0,0,0,56,0,"7_9","7~9"
113,0,0,0,0,0,0,0,0,0,0,56,0,"7_9","7~9"
114,0,0,0,0,0,0,0,0,0,0,56,0,"7_9","7~9"
115,0,0,0,0,0,0,0,0,0,0,56,0,"7_9","7~9"
116,0,0,0,0,0,0,0,0,0,0,56,0,"7_9","7~9"
117,0,0,0,0,0,0,0,0,0,0,56,0,"7_9","7~9"
118,0,0,0,0,0,0,0,0,0,0,56,0,"7_9","7~9"
119,0,0,0,0,0,0,0,0,0,0,56,0,"7_9","7~9"
120,0,0,0,0,0,0,0,0,0,0,56,0,"7_9","7~9"
121,0,0,0,0,0,0,0,0,0,0,56,0,"7_9","7~9"
122,0,0,0,0,0,0,0,0,0,0,56,0,"7_9","7~9"
123,0,0,0,0,0,0,0,0,0,0,56,0,"7_9","7~9"
124,0,0,0,0,0,0,0,0,0,0,56,0,"7_9","7~9"
125,0,0,0,0,0,0,0,0,0,0,56,0,"7_9","7~9"
126,0,0,0,0,0,0,0,0,0,0,56,0,"7_9","7~9"
127,0,0,0,0,0,0,0,0,0,0,56,0,"7_9","7~9"
128,0,0,0,0,0,0,0,0,0,0,56,0,"7_9","7~9"
129,0,0,0,0,0,0,0,0,0,0,56,0,"7_9","7~9"
130,0,0,0,0,0,0,0,0,0,0,56,0,"7_9","7~9"
131,0,0,0,0,0,0,0,0,0,0,56,0,"7_9","7~9"
132,0,0,0,0,0,0,0,0,0,0,56,0,"7_9","7~9"
133,0,0,0,0,0,0,0,0,0,0,56,0,"7_9","7~9"
134,0,0,0,0,0,0,0,0,0,0,56,0,"7_9","7~9"
135,0,0,0,0,0,0,0,0,0,0,56,0,"7_9","7~9"
136,0,0,0,0,0,0,0,0,0,0,56,0,"7_9","7~9"
137,0,0,0,0,0,0,0,0,0,0,56,0,"7_9","7~9"
138,0,0,0,0,0,0,0,0,0,0,56,0,"7_9","7~9"
139,0,0,0,0,0,0,0,0,0,0,56,0,"7_9","7~9"
140,0,0,0,0,0,0,0,0,0,0,56,0,"7_9","7~9"
141,0,0,0,0,0,0,0,0,0,0,56,0,"7_9","7~9"
142,0,0,0,0,0,0,0,0,0,0,56,0,"7_9","7~9"
143,0,0,0,0,0,0,0,0,0,0,56,0,"7_9","7~9"
144,0,0,0,0,0,0,0,0,0,0,56,0,"7_9","7~9"
145,0,0,0,0,0,0,0,0,0,0,56,0,"7_9","7~9"
146,0,0,0,0,0,0,0,0,0,0,56,0,"7_9","7~9"
147,0,0,0,0,0,0,0,0,0,0,56,0,"7_9","7~9"
148,0,0,0,0,0,0,0,0,0,0,56,0,"7_9","7~9"
149,0,0,0,0,0,0,0,0,0,0,56,0,"7_9","7~9"
150,0,0,0,0,0,0,0,0,0,0,56,0,"7_9","7~9"
151,0,0,0,0,0,0,0,0,0,0,56,0,"7_9","7~9"
152,0,0,0,0,0,0,0,0,0,0,56,0,"7_9","7~9"
153,0,0,0,0,0,0,0,0,0,0,56,0,"7_9","7~9"
154,0,0,0,0,0,0,0,0,0,0,56,0,"7_9","7~9"
155,0,0,0,0,0,0,0,0,0,0,56,0,"7_9","7~9"
156,0,0,0,0,0,0,0,0,0,0,56,0,"7_9","7~9"
157,0,0,0,0,0,0,0,0,0,0,56,0,"7_9","7~9"
158,0,0,0,0,0,0,0,0,0,0,56,0,"7_9","7~9"
159,0,0,0,0,0,0,0,0,0,0,56,0,"7_9","7~9"
160,0,0,0,0,0,0,0,0,0,0,56,0,"7_9","7~9"
161,0,0,0,0,0,0,0,0,0,0,56,0,"7_9","7~9"
162,0,0,0,0,0,0,0,0,0,0,56,0,"7_9","7~9"
163,0,0,0,0,0,0,0,0,0,0,56,0,"7_9","7~9"
164,0,0,0,0,0,0,0,0,0,0,56,0,"7_9","7~9"
165,0,0,0,0,0,0,0,0,0,0,56,0,"7_9","7~9"
166,0,0,0,0,0,0,0,0,0,0,56,0,"7_9","7~9"
167,0,0,0,0,0,0,0,0,0,0,56,0,"7_9","7~9"
168,0,0,0,0,0,0,0,0,0,0,56,0,"7_9","7~9"
169,0,0,0,0,0,0,0,0,0,0,56,0,"7_9","7~9"
170,0,0,0,0,0,0,0,0,0,0,56,0,"7_9","7~9"
171,0,0,0,0,0,0,0,0,0,0,56,0,"7_9","7~9"
172,0,0,0,0,0,0,0,0,0,0,56,0,"7_9","7~9"
173,0,0,0,0,0,0,0,0,0,0,56,0,"7_9","7~9"
174,0,0,0,0,0,0,0,0,0,0,56,0,"7_9","7~9"
175,0,0,0,0,0,0,0,0,0,0,56,0,"7_9","7~9"
176,0,0,0,0,0,0,0,0,0,0,56,0,"7_9","7~9"
177,0,0,0,0,0,0,0,0,0,0,56,0,"7_9","7~9"
178,0,0,0,0,0,0,0,0,0,0,56,0,"7_9","7~9"
179,0,0,0,0,0,0,0,0,0,0,56,0,"7_9","7~9"
180,0,0,0,0,0,0,0,0,0,0,56,0,"7_9","7~9"
181,0,0,0,0,0,0,0,0,0,0,56,0,"7_9","7~9"
182,0,0,0,0,0,0,0,0,0,0,56,0,"7_9","7~9"
183,0,0,0,0,0,0,0,0,0,0,56,0,"7_9","7~9"
184,0,0,0,0,0,0,0,0,0,0,56,0,"7_9","7~9"
185,0,0,0,0,0,0,0,0,0,0,56,0,"7_9","7~9"
186,0,0,0,0,0,0,0,0,0,0,56,0,"7_9","7~9"
187,0,0,0,0,0,0,0,0,0,0,56,0,"7_9","7~9"
188,0,0,0,0,0,0,0,0,0,0,56,0,"7_9","7~9"
189,0,0,0,0,0,0,0,0,0,0,56,0,"7_9","7~9"
190,0,0,0,0,0,0,0,0,0,0,56,0,"7_9","7~9"
191,0,0,0,0,0,0,0,0,0,0,56,0,"7_9","7~9"
192,0,0,0,0,0,0,0,0,0,0,56,0,"7_9","7~9"
193,0,0,0,0,0,0,0,0,0,0,56,0,"7_9","7~9"
194,0,0,0,0,0,0,0,0,0,0,56,0,"7_9","7~9"
195,0,0,0,0,0,0,0,0,0,0,56,0,"7_9","7~9"
196,0,0,0,0,0,0,0,0,0,0,56,0,"7_9","7~9"
197,0,0,0,0,0,0,0,0,0,0,56,0,"7_9","7~9"
198,0,0,0,0,0,0,0,0,0,0,56,0,"7_9","7~9"
199,0,0,0,0,0,,,,,,,,"7_9","7~9"
0,0.2284972220659256,0.25999999046325684,0.8600000143051147,0.5199999809265137,0.8199471235275269,0.11691552400588989,0.03999999910593033,7.900000095367432,-10.906059265136719,88,44,0.019901400431990623,"7_10","7~10"
1,0.19881002604961395,0.5384615659713745,0.8461538553237915,0.09890110045671463,0.37749606370925903,0.010844659991562366,0,14.230769157409668,1.403274655342102,84.61538696289062,121,0.010936383157968521,"7_10","7~10"
2,0.06967801600694656,0.14000000059604645,0.25999999046325684,0.07999999821186066,0.23956051468849182,0.2093994915485382,0,1.4199999570846558,-3.5342400074005127,26,133,0.019909413531422615,"7_10","7~10"
3,0.1465313583612442,0.2083333283662796,0.5416666865348816,0.1666666716337204,0.5334438681602478,0.15795210003852844,0.0416666679084301,4.125,-7.564249515533447,54.16666793823242,146,0.041178878396749496,"7_10","7~10"
4,0,0,0,0,0,0,0,0,0,0,146,0,"7_10","7~10"
5,0.003649808233603835,0.0181818176060915,0.0181818176060915,0,0.01814739778637886,0.017311418429017067,0,0.09090909361839294,-0.28887271881103516,1.8181818723678589,147,0,"7_10","7~10"
6,0.00412594061344862,0,0.01587301678955555,0,0.015851173549890518,0.015057377517223358,0,0.0634920671582222,-0.26100000739097595,1.5873016119003296,148,0,"7_10","7~10"
7,0.006832299754023552,0.021739130839705467,0.021739130839705467,0,0.021603602916002274,0.021327411755919456,0,0.1304347813129425,-0.3002173900604248,2.17391300201416,149,0,"7_10","7~10"
8,0,0,0,0,0,0,0,0,0,0,149,0,"7_10","7~10"
9,0,0,0,0,0,0,0,0,0,0,149,0,"7_10","7~10"
10,0,0,0,0,0,0,0,0,0,0,149,0,"7_10","7~10"
11,0,0,0,0,0,0,0,0,0,0,149,0,"7_10","7~10"
12,0,0,0,0,0,0,0,0,0,0,149,0,"7_10","7~10"
13,0,0,0,0,0,0,0,0,0,0,149,0,"7_10","7~10"
14,0,0,0,0,0,0,0,0,0,0,149,0,"7_10","7~10"
15,0,0,0,0,0,0,0,0,0,0,149,0,"7_10","7~10"
16,0,0,0,0,0,0,0,0,0,0,149,0,"7_10","7~10"
17,0,0,0,0,0,0,0,0,0,0,149,0,"7_10","7~10"
18,0,0,0,0,0,0,0,0,0,0,149,0,"7_10","7~10"
19,0,0,0,0,0,0,0,0,0,0,149,0,"7_10","7~10"
20,0,0,0,0,0,0,0,0,0,0,149,0,"7_10","7~10"
21,0,0,0,0,0,0,0,0,0,0,149,0,"7_10","7~10"
22,0,0,0,0,0,0,0,0,0,0,149,0,"7_10","7~10"
23,0,0,0,0,0,0,0,0,0,0,149,0,"7_10","7~10"
24,0,0,0,0,0,0,0,0,0,0,149,0,"7_10","7~10"
25,0,0,0,0,0,0,0,0,0,0,149,0,"7_10","7~10"
26,0,0,0,0,0,0,0,0,0,0,149,0,"7_10","7~10"
27,0,0,0,0,0,0,0,0,0,0,149,0,"7_10","7~10"
28,0,0,0,0,0,0,0,0,0,0,149,0,"7_10","7~10"
29,0,0,0,0,0,0,0,0,0,0,149,0,"7_10","7~10"
30,0,0,0,0,0,0,0,0,0,0,149,0,"7_10","7~10"
31,0,0,0,0,0,0,0,0,0,0,149,0,"7_10","7~10"
32,0,0,0,0,0,0,0,0,0,0,149,0,"7_10","7~10"
33,0,0,0,0,0,0,0,0,0,0,149,0,"7_10","7~10"
34,0,0,0,0,0,0,0,0,0,0,149,0,"7_10","7~10"
35,0,0,0,0,0,0,0,0,0,0,149,0,"7_10","7~10"
36,0,0,0,0,0,0,0,0,0,0,149,0,"7_10","7~10"
37,0,0,0,0,0,0,0,0,0,0,149,0,"7_10","7~10"
38,0,0,0,0,0,0,0,0,0,0,149,0,"7_10","7~10"
39,0,0,0,0,0,0,0,0,0,0,149,0,"7_10","7~10"
40,0,0,0,0,0,0,0,0,0,0,149,0,"7_10","7~10"
41,0,0,0,0,0,0,0,0,0,0,149,0,"7_10","7~10"
42,0,0,0,0,0,0,0,0,0,0,149,0,"7_10","7~10"
43,0,0,0,0,0,0,0,0,0,0,149,0,"7_10","7~10"
44,0,0,0,0,0,0,0,0,0,0,149,0,"7_10","7~10"
45,0,0,0,0,0,0,0,0,0,0,149,0,"7_10","7~10"
46,0,0,0,0,0,0,0,0,0,0,149,0,"7_10","7~10"
47,0,0,0,0,0,0,0,0,0,0,149,0,"7_10","7~10"
48,0,0,0,0,0,0,0,0,0,0,149,0,"7_10","7~10"
49,0,0,0,0,0,0,0,0,0,0,149,0,"7_10","7~10"
50,0,0,0,0,0,0,0,0,0,0,149,0,"7_10","7~10"
51,0,0,0,0,0,0,0,0,0,0,149,0,"7_10","7~10"
52,0,0,0,0,0,0,0,0,0,0,149,0,"7_10","7~10"
53,0,0,0,0,0,0,0,0,0,0,149,0,"7_10","7~10"
54,0,0,0,0,0,0,0,0,0,0,149,0,"7_10","7~10"
55,0,0,0,0,0,0,0,0,0,0,149,0,"7_10","7~10"
56,0,0,0,0,0,0,0,0,0,0,149,0,"7_10","7~10"
57,0,0,0,0,0,0,0,0,0,0,149,0,"7_10","7~10"
58,0,0,0,0,0,0,0,0,0,0,149,0,"7_10","7~10"
59,0,0,0,0,0,0,0,0,0,0,149,0,"7_10","7~10"
60,0,0,0,0,0,0,0,0,0,0,149,0,"7_10","7~10"
61,0,0,0,0,0,0,0,0,0,0,149,0,"7_10","7~10"
62,0,0,0,0,0,0,0,0,0,0,149,0,"7_10","7~10"
63,0,0,0,0,0,0,0,0,0,0,149,0,"7_10","7~10"
64,0,0,0,0,0,0,0,0,0,0,149,0,"7_10","7~10"
65,0,0,0,0,0,0,0,0,0,0,149,0,"7_10","7~10"
66,0,0,0,0,0,0,0,0,0,0,149,0,"7_10","7~10"
67,0,0,0,0,0,0,0,0,0,0,149,0,"7_10","7~10"
68,0,0,0,0,0,0,0,0,0,0,149,0,"7_10","7~10"
69,0,0,0,0,0,0,0,0,0,0,149,0,"7_10","7~10"
70,0,0,0,0,0,0,0,0,0,0,149,0,"7_10","7~10"
71,0,0,0,0,0,0,0,0,0,0,149,0,"7_10","7~10"
72,0,0,0,0,0,0,0,0,0,0,149,0,"7_10","7~10"
73,0,0,0,0,0,0,0,0,0,0,149,0,"7_10","7~10"
74,0,0,0,0,0,0,0,0,0,0,149,0,"7_10","7~10"
75,0,0,0,0,0,0,0,0,0,0,149,0,"7_10","7~10"
76,0,0,0,0,0,0,0,0,0,0,149,0,"7_10","7~10"
77,0,0,0,0,0,0,0,0,0,0,149,0,"7_10","7~10"
78,0,0,0,0,0,0,0,0,0,0,149,0,"7_10","7~10"
79,0,0,0,0,0,0,0,0,0,0,149,0,"7_10","7~10"
80,0,0,0,0,0,0,0,0,0,0,149,0,"7_10","7~10"
81,0,0,0,0,0,0,0,0,0,0,149,0,"7_10","7~10"
82,0,0,0,0,0,0,0,0,0,0,149,0,"7_10","7~10"
83,0,0,0,0,0,0,0,0,0,0,149,0,"7_10","7~10"
84,0,0,0,0,0,0,0,0,0,0,149,0,"7_10","7~10"
85,0,0,0,0,0,0,0,0,0,0,149,0,"7_10","7~10"
86,0,0,0,0,0,0,0,0,0,0,149,0,"7_10","7~10"
87,0,0,0,0,0,0,0,0,0,0,149,0,"7_10","7~10"
88,0,0,0,0,0,0,0,0,0,0,149,0,"7_10","7~10"
89,0,0,0,0,0,0,0,0,0,0,149,0,"7_10","7~10"
90,0,0,0,0,0,0,0,0,0,0,149,0,"7_10","7~10"
91,0,0,0,0,0,0,0,0,0,0,149,0,"7_10","7~10"
92,0,0,0,0,0,0,0,0,0,0,149,0,"7_10","7~10"
93,0,0,0,0,0,0,0,0,0,0,149,0,"7_10","7~10"
94,0,0,0,0,0,0,0,0,0,0,149,0,"7_10","7~10"
95,0,0,0,0,0,0,0,0,0,0,149,0,"7_10","7~10"
96,0,0,0,0,0,0,0,0,0,0,149,0,"7_10","7~10"
97,0,0,0,0,0,0,0,0,0,0,149,0,"7_10","7~10"
98,0,0,0,0,0,0,0,0,0,0,149,0,"7_10","7~10"
99,0,0,0,0,0,0,0,0,0,0,149,0,"7_10","7~10"
100,0,0,0,0,0,0,0,0,0,0,149,0,"7_10","7~10"
101,0,0,0,0,0,0,0,0,0,0,149,0,"7_10","7~10"
102,0,0,0,0,0,0,0,0,0,0,149,0,"7_10","7~10"
103,0,0,0,0,0,0,0,0,0,0,149,0,"7_10","7~10"
104,0,0,0,0,0,0,0,0,0,0,149,0,"7_10","7~10"
105,0,0,0,0,0,0,0,0,0,0,149,0,"7_10","7~10"
106,0,0,0,0,0,0,0,0,0,0,149,0,"7_10","7~10"
107,0,0,0,0,0,0,0,0,0,0,149,0,"7_10","7~10"
108,0,0,0,0,0,0,0,0,0,0,149,0,"7_10","7~10"
109,0,0,0,0,0,0,0,0,0,0,149,0,"7_10","7~10"
110,0,0,0,0,0,0,0,0,0,0,149,0,"7_10","7~10"
111,0,0,0,0,0,0,0,0,0,0,149,0,"7_10","7~10"
112,0,0,0,0,0,0,0,0,0,0,149,0,"7_10","7~10"
113,0,0,0,0,0,0,0,0,0,0,149,0,"7_10","7~10"
114,0,0,0,0,0,0,0,0,0,0,149,0,"7_10","7~10"
115,0,0,0,0,0,0,0,0,0,0,149,0,"7_10","7~10"
116,0,0,0,0,0,0,0,0,0,0,149,0,"7_10","7~10"
117,0,0,0,0,0,0,0,0,0,0,149,0,"7_10","7~10"
118,0,0,0,0,0,0,0,0,0,0,149,0,"7_10","7~10"
119,0,0,0,0,0,0,0,0,0,0,149,0,"7_10","7~10"
120,0,0,0,0,0,0,0,0,0,0,149,0,"7_10","7~10"
121,0,0,0,0,0,0,0,0,0,0,149,0,"7_10","7~10"
122,0,0,0,0,0,0,0,0,0,0,149,0,"7_10","7~10"
123,0,0,0,0,0,0,0,0,0,0,149,0,"7_10","7~10"
124,0,0,0,0,0,0,0,0,0,0,149,0,"7_10","7~10"
125,0,0,0,0,0,0,0,0,0,0,149,0,"7_10","7~10"
126,0,0,0,0,0,0,0,0,0,0,149,0,"7_10","7~10"
127,0,0,0,0,0,0,0,0,0,0,149,0,"7_10","7~10"
128,0,0,0,0,0,0,0,0,0,0,149,0,"7_10","7~10"
129,0,0,0,0,0,0,0,0,0,0,149,0,"7_10","7~10"
130,0,0,0,0,0,0,0,0,0,0,149,0,"7_10","7~10"
131,0,0,0,0,0,0,0,0,0,0,149,0,"7_10","7~10"
132,0,0,0,0,0,0,0,0,0,0,149,0,"7_10","7~10"
133,0,0,0,0,0,0,0,0,0,0,149,0,"7_10","7~10"
134,0,0,0,0,0,0,0,0,0,0,149,0,"7_10","7~10"
135,0,0,0,0,0,0,0,0,0,0,149,0,"7_10","7~10"
136,0,0,0,0,0,0,0,0,0,0,149,0,"7_10","7~10"
137,0,0,0,0,0,0,0,0,0,0,149,0,"7_10","7~10"
138,0,0,0,0,0,0,0,0,0,0,149,0,"7_10","7~10"
139,0,0,0,0,0,0,0,0,0,0,149,0,"7_10","7~10"
140,0,0,0,0,0,0,0,0,0,0,149,0,"7_10","7~10"
141,0,0,0,0,0,0,0,0,0,0,149,0,"7_10","7~10"
142,0,0,0,0,0,0,0,0,0,0,149,0,"7_10","7~10"
143,0,0,0,0,0,0,0,0,0,0,149,0,"7_10","7~10"
144,0,0,0,0,0,0,0,0,0,0,149,0,"7_10","7~10"
145,0,0,0,0,0,0,0,0,0,0,149,0,"7_10","7~10"
146,0,0,0,0,0,0,0,0,0,0,149,0,"7_10","7~10"
147,0,0,0,0,0,0,0,0,0,0,149,0,"7_10","7~10"
148,0,0,0,0,0,0,0,0,0,0,149,0,"7_10","7~10"
149,0,0,0,0,0,0,0,0,0,0,149,0,"7_10","7~10"
150,0,0,0,0,0,0,0,0,0,0,149,0,"7_10","7~10"
151,0,0,0,0,0,0,0,0,0,0,149,0,"7_10","7~10"
152,0,0,0,0,0,0,0,0,0,0,149,0,"7_10","7~10"
153,0,0,0,0,0,0,0,0,0,0,149,0,"7_10","7~10"
154,0,0,0,0,0,0,0,0,0,0,149,0,"7_10","7~10"
155,0,0,0,0,0,0,0,0,0,0,149,0,"7_10","7~10"
156,0,0,0,0,0,0,0,0,0,0,149,0,"7_10","7~10"
157,0,0,0,0,0,0,0,0,0,0,149,0,"7_10","7~10"
158,0,0,0,0,0,0,0,0,0,0,149,0,"7_10","7~10"
159,0,0,0,0,0,0,0,0,0,0,149,0,"7_10","7~10"
160,0,0,0,0,0,0,0,0,0,0,149,0,"7_10","7~10"
161,0,0,0,0,0,0,0,0,0,0,149,0,"7_10","7~10"
162,0,0,0,0,0,0,0,0,0,0,149,0,"7_10","7~10"
163,0,0,0,0,0,0,0,0,0,0,149,0,"7_10","7~10"
164,0,0,0,0,0,0,0,0,0,0,149,0,"7_10","7~10"
165,0,0,0,0,0,0,0,0,0,0,149,0,"7_10","7~10"
166,0,0,0,0,0,0,0,0,0,0,149,0,"7_10","7~10"
167,0,0,0,0,0,0,0,0,0,0,149,0,"7_10","7~10"
168,0,0,0,0,0,0,0,0,0,0,149,0,"7_10","7~10"
169,0,0,0,0,0,0,0,0,0,0,149,0,"7_10","7~10"
170,0,0,0,0,0,0,0,0,0,0,149,0,"7_10","7~10"
171,0,0,0,0,0,0,0,0,0,0,149,0,"7_10","7~10"
172,0,0,0,0,0,0,0,0,0,0,149,0,"7_10","7~10"
173,0,0,0,0,0,0,0,0,0,0,149,0,"7_10","7~10"
174,0,0,0,0,0,0,0,0,0,0,149,0,"7_10","7~10"
175,0,0,0,0,0,0,0,0,0,0,149,0,"7_10","7~10"
176,0,0,0,0,0,0,0,0,0,0,149,0,"7_10","7~10"
177,0,0,0,0,0,0,0,0,0,0,149,0,"7_10","7~10"
178,0,0,0,0,0,0,0,0,0,0,149,0,"7_10","7~10"
179,0,0,0,0,0,0,0,0,0,0,149,0,"7_10","7~10"
180,0,0,0,0,0,0,0,0,0,0,149,0,"7_10","7~10"
181,0,0,0,0,0,0,0,0,0,0,149,0,"7_10","7~10"
182,0,0,0,0,0,0,0,0,0,0,149,0,"7_10","7~10"
183,0,0,0,0,0,0,0,0,0,0,149,0,"7_10","7~10"
184,0,0,0,0,0,0,0,0,0,0,149,0,"7_10","7~10"
185,0,0,0,0,0,0,0,0,0,0,149,0,"7_10","7~10"
186,0,0,0,0,0,0,0,0,0,0,149,0,"7_10","7~10"
187,0,0,0,0,0,0,0,0,0,0,149,0,"7_10","7~10"
188,0,0,0,0,0,0,0,0,0,0,149,0,"7_10","7~10"
189,0,0,0,0,0,0,0,0,0,0,149,0,"7_10","7~10"
190,0,0,0,0,0,0,0,0,0,0,149,0,"7_10","7~10"
191,0,0,0,0,0,0,0,0,0,0,149,0,"7_10","7~10"
192,0,0,0,0,0,0,0,0,0,0,149,0,"7_10","7~10"
193,0,0,0,0,0,0,0,0,0,0,149,0,"7_10","7~10"
194,0,0,0,0,0,0,0,0,0,0,149,0,"7_10","7~10"
195,0,0,0,0,0,0,0,0,0,0,149,0,"7_10","7~10"
196,0,0,0,0,0,0,0,0,0,0,149,0,"7_10","7~10"
197,0,0,0,0,0,0,0,0,0,0,149,0,"7_10","7~10"
198,0,0,0,0,0,0,0,0,0,0,149,0,"7_10","7~10"
199,0,0,0,0,0,0,0,,,,,,"7_10","7~10"
0,0.26280832290649414,0.6000000238418579,1,0.6000000238418579,0.9933406710624695,0.19363991916179657,0.10000000149011612,7.599999904632568,-14.113499641418457,100,10,0.09939442574977875,"7_11","7~11"
1,0.1754494160413742,0.06451612710952759,0.6451612710952759,0.3870967626571655,0.6391167044639587,0.4235549867153168,0.09677419066429138,4.951612949371338,-8.84417724609375,66.12903594970703,51,0.032113734632730484,"7_11","7~11"
2,0.06166815757751465,0.010204081423580647,0.23469388484954834,0.0714285746216774,0.15865902602672577,0.1581895798444748,0.040816325694322586,2.81632661819458,-0.24004079401493073,24.489795684814453,75,0,"7_11","7~11"
3,0.13706494867801666,0.130952388048172,0.523809552192688,0.2261904776096344,0.4219209551811218,0.1887856423854828,0.3571428656578064,7.107142925262451,-3.046143054962158,54.761905670166016,121,0.03539716452360153,"7_11","7~11"
4,0.08474572002887726,0.04109589010477066,0.31506848335266113,0.15068493783473969,0.2884228825569153,0.09329748898744583,0.10958904027938843,2.8767123222351074,-3.1640548706054688,31.50684928894043,143,0,"7_11","7~11"
5,0.06479233503341675,0.10958904027938843,0.24657534062862396,0.10958904027938843,0.17736366391181946,0.04023711383342743,0.10958904027938843,2.890410900115967,-0.8839999437332153,24.657533645629883,159,0,"7_11","7~11"
6,0,0,0,0,0,0,0,0,0,0,159,0,"7_11","7~11"
7,0,0,0,0,0,0,0,0,0,0,159,0,"7_11","7~11"
8,0,0,0,0,0,0,0,0,0,0,159,0,"7_11","7~11"
9,0.010967650450766087,0,0.04444444552063942,0,0.04436665028333664,0.02100808173418045,0,0.13333334028720856,-0.7121999859809875,4.44444465637207,161,0,"7_11","7~11"
10,0,0,0,0,0,0,0,0,0,0,161,0,"7_11","7~11"
11,0,0,0,0,0,0,0,0,0,0,161,0,"7_11","7~11"
12,0,0,0,0,0,0,0,0,0,0,161,0,"7_11","7~11"
13,0,0,0,0,0,0,0,0,0,0,161,0,"7_11","7~11"
14,0,0,0,0,0,0,0,0,0,0,161,0,"7_11","7~11"
15,0,0,0,0,0,0,0,0,0,0,161,0,"7_11","7~11"
16,0,0,0,0,0,0,0,0,0,0,161,0,"7_11","7~11"
17,0,0,0,0,0,0,0,0,0,0,161,0,"7_11","7~11"
18,0,0,0,0,0,0,0,0,0,0,161,0,"7_11","7~11"
19,0,0,0,0,0,0,0,0,0,0,161,0,"7_11","7~11"
20,0,0,0,0,0,0,0,0,0,0,161,0,"7_11","7~11"
21,0,0,0,0,0,0,0,0,0,0,161,0,"7_11","7~11"
22,0,0,0,0,0,0,0,0,0,0,161,0,"7_11","7~11"
23,0,0,0,0,0,0,0,0,0,0,161,0,"7_11","7~11"
24,0,0,0,0,0,0,0,0,0,0,161,0,"7_11","7~11"
25,0,0,0,0,0,0,0,0,0,0,161,0,"7_11","7~11"
26,0,0,0,0,0,0,0,0,0,0,161,0,"7_11","7~11"
27,0,0,0,0,0,0,0,0,0,0,161,0,"7_11","7~11"
28,0,0,0,0,0,0,0,0,0,0,161,0,"7_11","7~11"
29,0,0,0,0,0,0,0,0,0,0,161,0,"7_11","7~11"
30,0,0,0,0,0,0,0,0,0,0,161,0,"7_11","7~11"
31,0,0,0,0,0,0,0,0,0,0,161,0,"7_11","7~11"
32,0,0,0,0,0,0,0,0,0,0,161,0,"7_11","7~11"
33,0,0,0,0,0,0,0,0,0,0,161,0,"7_11","7~11"
34,0,0,0,0,0,0,0,0,0,0,161,0,"7_11","7~11"
35,0,0,0,0,0,0,0,0,0,0,161,0,"7_11","7~11"
36,0,0,0,0,0,0,0,0,0,0,161,0,"7_11","7~11"
37,0,0,0,0,0,0,0,0,0,0,161,0,"7_11","7~11"
38,0,0,0,0,0,0,0,0,0,0,161,0,"7_11","7~11"
39,0,0,0,0,0,0,0,0,0,0,161,0,"7_11","7~11"
40,0,0,0,0,0,0,0,0,0,0,161,0,"7_11","7~11"
41,0,0,0,0,0,0,0,0,0,0,161,0,"7_11","7~11"
42,0,0,0,0,0,0,0,0,0,0,161,0,"7_11","7~11"
43,0,0,0,0,0,0,0,0,0,0,161,0,"7_11","7~11"
44,0,0,0,0,0,0,0,0,0,0,161,0,"7_11","7~11"
45,0,0,0,0,0,0,0,0,0,0,161,0,"7_11","7~11"
46,0,0,0,0,0,0,0,0,0,0,161,0,"7_11","7~11"
47,0,0,0,0,0,0,0,0,0,0,161,0,"7_11","7~11"
48,0,0,0,0,0,0,0,0,0,0,161,0,"7_11","7~11"
49,0,0,0,0,0,0,0,0,0,0,161,0,"7_11","7~11"
50,0,0,0,0,0,0,0,0,0,0,161,0,"7_11","7~11"
51,0,0,0,0,0,0,0,0,0,0,161,0,"7_11","7~11"
52,0,0,0,0,0,0,0,0,0,0,161,0,"7_11","7~11"
53,0,0,0,0,0,0,0,0,0,0,161,0,"7_11","7~11"
54,0,0,0,0,0,0,0,0,0,0,161,0,"7_11","7~11"
55,0,0,0,0,0,0,0,0,0,0,161,0,"7_11","7~11"
56,0,0,0,0,0,0,0,0,0,0,161,0,"7_11","7~11"
57,0,0,0,0,0,0,0,0,0,0,161,0,"7_11","7~11"
58,0,0,0,0,0,0,0,0,0,0,161,0,"7_11","7~11"
59,0,0,0,0,0,0,0,0,0,0,161,0,"7_11","7~11"
60,0,0,0,0,0,0,0,0,0,0,161,0,"7_11","7~11"
61,0,0,0,0,0,0,0,0,0,0,161,0,"7_11","7~11"
62,0,0,0,0,0,0,0,0,0,0,161,0,"7_11","7~11"
63,0,0,0,0,0,0,0,0,0,0,161,0,"7_11","7~11"
64,0,0,0,0,0,0,0,0,0,0,161,0,"7_11","7~11"
65,0,0,0,0,0,0,0,0,0,0,161,0,"7_11","7~11"
66,0,0,0,0,0,0,0,0,0,0,161,0,"7_11","7~11"
67,0,0,0,0,0,0,0,0,0,0,161,0,"7_11","7~11"
68,0,0,0,0,0,0,0,0,0,0,161,0,"7_11","7~11"
69,0,0,0,0,0,0,0,0,0,0,161,0,"7_11","7~11"
70,0,0,0,0,0,0,0,0,0,0,161,0,"7_11","7~11"
71,0,0,0,0,0,0,0,0,0,0,161,0,"7_11","7~11"
72,0,0,0,0,0,0,0,0,0,0,161,0,"7_11","7~11"
73,0,0,0,0,0,0,0,0,0,0,161,0,"7_11","7~11"
74,0,0,0,0,0,0,0,0,0,0,161,0,"7_11","7~11"
75,0,0,0,0,0,0,0,0,0,0,161,0,"7_11","7~11"
76,0,0,0,0,0,0,0,0,0,0,161,0,"7_11","7~11"
77,0,0,0,0,0,0,0,0,0,0,161,0,"7_11","7~11"
78,0,0,0,0,0,0,0,0,0,0,161,0,"7_11","7~11"
79,0,0,0,0,0,0,0,0,0,0,161,0,"7_11","7~11"
80,0,0,0,0,0,0,0,0,0,0,161,0,"7_11","7~11"
81,0,0,0,0,0,0,0,0,0,0,161,0,"7_11","7~11"
82,0,0,0,0,0,0,0,0,0,0,161,0,"7_11","7~11"
83,0,0,0,0,0,0,0,0,0,0,161,0,"7_11","7~11"
84,0,0,0,0,0,0,0,0,0,0,161,0,"7_11","7~11"
85,0,0,0,0,0,0,0,0,0,0,161,0,"7_11","7~11"
86,0,0,0,0,0,0,0,0,0,0,161,0,"7_11","7~11"
87,0,0,0,0,0,0,0,0,0,0,161,0,"7_11","7~11"
88,0,0,0,0,0,0,0,0,0,0,161,0,"7_11","7~11"
89,0,0,0,0,0,0,0,0,0,0,161,0,"7_11","7~11"
90,0,0,0,0,0,0,0,0,0,0,161,0,"7_11","7~11"
91,0,0,0,0,0,0,0,0,0,0,161,0,"7_11","7~11"
92,0,0,0,0,0,0,0,0,0,0,161,0,"7_11","7~11"
93,0,0,0,0,0,0,0,0,0,0,161,0,"7_11","7~11"
94,0,0,0,0,0,0,0,0,0,0,161,0,"7_11","7~11"
95,0,0,0,0,0,0,0,0,0,0,161,0,"7_11","7~11"
96,0,0,0,0,0,0,0,0,0,0,161,0,"7_11","7~11"
97,0,0,0,0,0,0,0,0,0,0,161,0,"7_11","7~11"
98,0,0,0,0,0,0,0,0,0,0,161,0,"7_11","7~11"
99,0,0,0,0,0,0,0,0,0,0,161,0,"7_11","7~11"
100,0,0,0,0,0,0,0,0,0,0,161,0,"7_11","7~11"
101,0,0,0,0,0,0,0,0,0,0,161,0,"7_11","7~11"
102,0,0,0,0,0,0,0,0,0,0,161,0,"7_11","7~11"
103,0,0,0,0,0,0,0,0,0,0,161,0,"7_11","7~11"
104,0,0,0,0,0,0,0,0,0,0,161,0,"7_11","7~11"
105,0,0,0,0,0,0,0,0,0,0,161,0,"7_11","7~11"
106,0,0,0,0,0,0,0,0,0,0,161,0,"7_11","7~11"
107,0,0,0,0,0,0,0,0,0,0,161,0,"7_11","7~11"
108,0,0,0,0,0,0,0,0,0,0,161,0,"7_11","7~11"
109,0,0,0,0,0,0,0,0,0,0,161,0,"7_11","7~11"
110,0,0,0,0,0,0,0,0,0,0,161,0,"7_11","7~11"
111,0,0,0,0,0,0,0,0,0,0,161,0,"7_11","7~11"
112,0,0,0,0,0,0,0,0,0,0,161,0,"7_11","7~11"
113,0,0,0,0,0,0,0,0,0,0,161,0,"7_11","7~11"
114,0,0,0,0,0,0,0,0,0,0,161,0,"7_11","7~11"
115,0,0,0,0,0,0,0,0,0,0,161,0,"7_11","7~11"
116,0,0,0,0,0,0,0,0,0,0,161,0,"7_11","7~11"
117,0,0,0,0,0,0,0,0,0,0,161,0,"7_11","7~11"
118,0,0,0,0,0,0,0,0,0,0,161,0,"7_11","7~11"
119,0,0,0,0,0,0,0,0,0,0,161,0,"7_11","7~11"
120,0,0,0,0,0,0,0,0,0,0,161,0,"7_11","7~11"
121,0,0,0,0,0,0,0,0,0,0,161,0,"7_11","7~11"
122,0,0,0,0,0,0,0,0,0,0,161,0,"7_11","7~11"
123,0,0,0,0,0,0,0,0,0,0,161,0,"7_11","7~11"
124,0,0,0,0,0,0,0,0,0,0,161,0,"7_11","7~11"
125,0,0,0,0,0,0,0,0,0,0,161,0,"7_11","7~11"
126,0,0,0,0,0,0,0,0,0,0,161,0,"7_11","7~11"
127,0,0,0,0,0,0,0,0,0,0,161,0,"7_11","7~11"
128,0,0,0,0,0,0,0,0,0,0,161,0,"7_11","7~11"
129,0,0,0,0,0,0,0,0,0,0,161,0,"7_11","7~11"
130,0,0,0,0,0,0,0,0,0,0,161,0,"7_11","7~11"
131,0,0,0,0,0,0,0,0,0,0,161,0,"7_11","7~11"
132,0,0,0,0,0,0,0,0,0,0,161,0,"7_11","7~11"
133,0,0,0,0,0,0,0,0,0,0,161,0,"7_11","7~11"
134,0,0,0,0,0,0,0,0,0,0,161,0,"7_11","7~11"
135,0,0,0,0,0,0,0,0,0,0,161,0,"7_11","7~11"
136,0,0,0,0,0,0,0,0,0,0,161,0,"7_11","7~11"
137,0,0,0,0,0,0,0,0,0,0,161,0,"7_11","7~11"
138,0,0,0,0,0,0,0,0,0,0,161,0,"7_11","7~11"
139,0,0,0,0,0,0,0,0,0,0,161,0,"7_11","7~11"
140,0,0,0,0,0,0,0,0,0,0,161,0,"7_11","7~11"
141,0,0,0,0,0,0,0,0,0,0,161,0,"7_11","7~11"
142,0,0,0,0,0,0,0,0,0,0,161,0,"7_11","7~11"
143,0,0,0,0,0,0,0,0,0,0,161,0,"7_11","7~11"
144,0,0,0,0,0,0,0,0,0,0,161,0,"7_11","7~11"
145,0,0,0,0,0,0,0,0,0,0,161,0,"7_11","7~11"
146,0,0,0,0,0,0,0,0,0,0,161,0,"7_11","7~11"
147,0,0,0,0,0,0,0,0,0,0,161,0,"7_11","7~11"
148,0,0,0,0,0,0,0,0,0,0,161,0,"7_11","7~11"
149,0,0,0,0,0,0,0,0,0,0,161,0,"7_11","7~11"
150,0,0,0,0,0,0,0,0,0,0,161,0,"7_11","7~11"
151,0,0,0,0,0,0,0,0,0,0,161,0,"7_11","7~11"
152,0,0,0,0,0,0,0,0,0,0,161,0,"7_11","7~11"
153,0,0,0,0,0,0,0,0,0,0,161,0,"7_11","7~11"
154,0,0,0,0,0,0,0,0,0,0,161,0,"7_11","7~11"
155,0,0,0,0,0,0,0,0,0,0,161,0,"7_11","7~11"
156,0,0,0,0,0,0,0,0,0,0,161,0,"7_11","7~11"
157,0,0,0,0,0,0,0,0,0,0,161,0,"7_11","7~11"
158,0,0,0,0,0,0,0,0,0,0,161,0,"7_11","7~11"
159,0,0,0,0,0,0,0,0,0,0,161,0,"7_11","7~11"
160,0,0,0,0,0,0,0,0,0,0,161,0,"7_11","7~11"
161,0,0,0,0,0,0,0,0,0,0,161,0,"7_11","7~11"
162,0,0,0,0,0,0,0,0,0,0,161,0,"7_11","7~11"
163,0,0,0,0,0,0,0,0,0,0,161,0,"7_11","7~11"
164,0,0,0,0,0,0,0,0,0,0,161,0,"7_11","7~11"
165,0,0,0,0,0,0,0,0,0,0,161,0,"7_11","7~11"
166,0,0,0,0,0,0,0,0,0,0,161,0,"7_11","7~11"
167,0,0,0,0,0,0,0,0,0,0,161,0,"7_11","7~11"
168,0,0,0,0,0,0,0,0,0,0,161,0,"7_11","7~11"
169,0,0,0,0,0,0,0,0,0,0,161,0,"7_11","7~11"
170,0,0,0,0,0,0,0,0,0,0,161,0,"7_11","7~11"
171,0,0,0,0,0,0,0,0,0,0,161,0,"7_11","7~11"
172,0,0,0,0,0,0,0,0,0,0,161,0,"7_11","7~11"
173,0,0,0,0,0,0,0,0,0,0,161,0,"7_11","7~11"
174,0,0,0,0,0,0,0,0,0,0,161,0,"7_11","7~11"
175,0,0,0,0,0,0,0,0,0,0,161,0,"7_11","7~11"
176,0,0,0,0,0,0,0,0,0,0,161,0,"7_11","7~11"
177,0,0,0,0,0,0,0,0,0,0,161,0,"7_11","7~11"
178,0,0,0,0,0,0,0,0,0,0,161,0,"7_11","7~11"
179,0,0,0,0,0,0,0,0,0,0,161,0,"7_11","7~11"
180,0,0,0,0,0,0,0,0,0,0,161,0,"7_11","7~11"
181,0,0,0,0,0,0,0,0,0,0,161,0,"7_11","7~11"
182,0,0,0,0,0,0,0,0,0,0,161,0,"7_11","7~11"
183,0,0,0,0,0,0,0,0,0,0,161,0,"7_11","7~11"
184,0,0,0,0,0,0,0,0,0,0,161,0,"7_11","7~11"
185,0,0,0,0,0,0,0,0,0,0,161,0,"7_11","7~11"
186,0,0,0,0,0,0,0,0,0,0,161,0,"7_11","7~11"
187,0,0,0,0,0,0,0,0,0,0,161,0,"7_11","7~11"
188,0,0,0,0,0,0,0,0,0,0,161,0,"7_11","7~11"
189,0,0,0,0,0,0,0,0,0,0,161,0,"7_11","7~11"
190,0,0,0,0,0,0,0,0,0,0,161,0,"7_11","7~11"
191,0,0,0,0,0,0,0,0,0,0,161,0,"7_11","7~11"
192,0,0,0,0,0,0,0,0,0,0,161,0,"7_11","7~11"
193,0,0,0,0,0,0,0,0,0,0,161,0,"7_11","7~11"
194,0,0,0,0,0,0,0,0,0,0,161,0,"7_11","7~11"
195,0,0,0,0,0,0,0,0,0,0,161,0,"7_11","7~11"
196,0,0,0,0,0,0,0,0,0,0,161,0,"7_11","7~11"
197,0,0,0,0,0,0,0,0,0,0,161,0,"7_11","7~11"
198,0,0,0,0,0,0,0,0,0,0,161,0,"7_11","7~11"
199,0,0,0,0,0,0,0,0,,,,,"7_11","7~11"
0,0.2540530860424042,0.6346153616905212,0.9615384340286255,0.7307692170143127,0.8972375392913818,0.12851402163505554,0.057692307978868484,7.42307710647583,-12.303442001342773,96.15384674072266,50,0.03803560510277748,"7_12","7~12"
1,0.10765795409679413,0.30434781312942505,0.44565218687057495,0.22826087474822998,0.3313874900341034,0.04001675918698311,0.06521739065647125,4.293478488922119,-3.204662799835205,44.565216064453125,91,0,"7_12","7~12"
2,0.015446094796061516,0.05128205195069313,0.06410256773233414,0.03846153989434242,0.06151781231164932,0.005722790025174618,0.025641025975346565,0.5256410241127014,-0.8340127468109131,6.410256385803223,96,0.010084635578095913,"7_12","7~12"
3,0,0,0,0,0,0,0,0,0,0,96,0,"7_12","7~12"
4,0,0,0,0,0,0,0,0,0,0,96,0,"7_12","7~12"
5,0,0,0,0,0,0,0,0,0,0,96,0,"7_12","7~12"
6,0,0,0,0,0,0,0,0,0,0,96,0,"7_12","7~12"
7,0,0,0,0,0,0,0,0,0,0,96,0,"7_12","7~12"
8,0,0,0,0,0,0,0,0,0,0,96,0,"7_12","7~12"
9,0,0,0,0,0,0,0,0,0,0,96,0,"7_12","7~12"
10,0,0,0,0,0,0,0,0,0,0,96,0,"7_12","7~12"
11,0,0,0,0,0,0,0,0,0,0,96,0,"7_12","7~12"
12,0,0,0,0,0,0,0,0,0,0,96,0,"7_12","7~12"
13,0,0,0,0,0,0,0,0,0,0,96,0,"7_12","7~12"
14,0,0,0,0,0,0,0,0,0,0,96,0,"7_12","7~12"
15,0,0,0,0,0,0,0,0,0,0,96,0,"7_12","7~12"
16,0,0,0,0,0,0,0,0,0,0,96,0,"7_12","7~12"
17,0,0,0,0,0,0,0,0,0,0,96,0,"7_12","7~12"
18,0,0,0,0,0,0,0,0,0,0,96,0,"7_12","7~12"
19,0,0,0,0,0,0,0,0,0,0,96,0,"7_12","7~12"
20,0,0,0,0,0,0,0,0,0,0,96,0,"7_12","7~12"
21,0,0,0,0,0,0,0,0,0,0,96,0,"7_12","7~12"
22,0,0,0,0,0,0,0,0,0,0,96,0,"7_12","7~12"
23,0,0,0,0,0,0,0,0,0,0,96,0,"7_12","7~12"
24,0,0,0,0,0,0,0,0,0,0,96,0,"7_12","7~12"
25,0,0,0,0,0,0,0,0,0,0,96,0,"7_12","7~12"
26,0,0,0,0,0,0,0,0,0,0,96,0,"7_12","7~12"
27,0,0,0,0,0,0,0,0,0,0,96,0,"7_12","7~12"
28,0,0,0,0,0,0,0,0,0,0,96,0,"7_12","7~12"
29,0,0,0,0,0,0,0,0,0,0,96,0,"7_12","7~12"
30,0,0,0,0,0,0,0,0,0,0,96,0,"7_12","7~12"
31,0,0,0,0,0,0,0,0,0,0,96,0,"7_12","7~12"
32,0,0,0,0,0,0,0,0,0,0,96,0,"7_12","7~12"
33,0,0,0,0,0,0,0,0,0,0,96,0,"7_12","7~12"
34,0,0,0,0,0,0,0,0,0,0,96,0,"7_12","7~12"
35,0,0,0,0,0,0,0,0,0,0,96,0,"7_12","7~12"
36,0,0,0,0,0,0,0,0,0,0,96,0,"7_12","7~12"
37,0,0,0,0,0,0,0,0,0,0,96,0,"7_12","7~12"
38,0,0,0,0,0,0,0,0,0,0,96,0,"7_12","7~12"
39,0,0,0,0,0,0,0,0,0,0,96,0,"7_12","7~12"
40,0,0,0,0,0,0,0,0,0,0,96,0,"7_12","7~12"
41,0,0,0,0,0,0,0,0,0,0,96,0,"7_12","7~12"
42,0,0,0,0,0,0,0,0,0,0,96,0,"7_12","7~12"
43,0,0,0,0,0,0,0,0,0,0,96,0,"7_12","7~12"
44,0,0,0,0,0,0,0,0,0,0,96,0,"7_12","7~12"
45,0,0,0,0,0,0,0,0,0,0,96,0,"7_12","7~12"
46,0,0,0,0,0,0,0,0,0,0,96,0,"7_12","7~12"
47,0,0,0,0,0,0,0,0,0,0,96,0,"7_12","7~12"
48,0,0,0,0,0,0,0,0,0,0,96,0,"7_12","7~12"
49,0,0,0,0,0,0,0,0,0,0,96,0,"7_12","7~12"
50,0,0,0,0,0,0,0,0,0,0,96,0,"7_12","7~12"
51,0,0,0,0,0,0,0,0,0,0,96,0,"7_12","7~12"
52,0,0,0,0,0,0,0,0,0,0,96,0,"7_12","7~12"
53,0,0,0,0,0,0,0,0,0,0,96,0,"7_12","7~12"
54,0,0,0,0,0,0,0,0,0,0,96,0,"7_12","7~12"
55,0,0,0,0,0,0,0,0,0,0,96,0,"7_12","7~12"
56,0,0,0,0,0,0,0,0,0,0,96,0,"7_12","7~12"
57,0,0,0,0,0,0,0,0,0,0,96,0,"7_12","7~12"
58,0,0,0,0,0,0,0,0,0,0,96,0,"7_12","7~12"
59,0,0,0,0,0,0,0,0,0,0,96,0,"7_12","7~12"
60,0,0,0,0,0,0,0,0,0,0,96,0,"7_12","7~12"
61,0,0,0,0,0,0,0,0,0,0,96,0,"7_12","7~12"
62,0,0,0,0,0,0,0,0,0,0,96,0,"7_12","7~12"
63,0,0,0,0,0,0,0,0,0,0,96,0,"7_12","7~12"
64,0,0,0,0,0,0,0,0,0,0,96,0,"7_12","7~12"
65,0,0,0,0,0,0,0,0,0,0,96,0,"7_12","7~12"
66,0,0,0,0,0,0,0,0,0,0,96,0,"7_12","7~12"
67,0,0,0,0,0,0,0,0,0,0,96,0,"7_12","7~12"
68,0,0,0,0,0,0,0,0,0,0,96,0,"7_12","7~12"
69,0,0,0,0,0,0,0,0,0,0,96,0,"7_12","7~12"
70,0,0,0,0,0,0,0,0,0,0,96,0,"7_12","7~12"
71,0,0,0,0,0,0,0,0,0,0,96,0,"7_12","7~12"
72,0,0,0,0,0,0,0,0,0,0,96,0,"7_12","7~12"
73,0,0,0,0,0,0,0,0,0,0,96,0,"7_12","7~12"
74,0,0,0,0,0,0,0,0,0,0,96,0,"7_12","7~12"
75,0,0,0,0,0,0,0,0,0,0,96,0,"7_12","7~12"
76,0,0,0,0,0,0,0,0,0,0,96,0,"7_12","7~12"
77,0,0,0,0,0,0,0,0,0,0,96,0,"7_12","7~12"
78,0,0,0,0,0,0,0,0,0,0,96,0,"7_12","7~12"
79,0,0,0,0,0,0,0,0,0,0,96,0,"7_12","7~12"
80,0,0,0,0,0,0,0,0,0,0,96,0,"7_12","7~12"
81,0,0,0,0,0,0,0,0,0,0,96,0,"7_12","7~12"
82,0,0,0,0,0,0,0,0,0,0,96,0,"7_12","7~12"
83,0,0,0,0,0,0,0,0,0,0,96,0,"7_12","7~12"
84,0,0,0,0,0,0,0,0,0,0,96,0,"7_12","7~12"
85,0,0,0,0,0,0,0,0,0,0,96,0,"7_12","7~12"
86,0,0,0,0,0,0,0,0,0,0,96,0,"7_12","7~12"
87,0,0,0,0,0,0,0,0,0,0,96,0,"7_12","7~12"
88,0,0,0,0,0,0,0,0,0,0,96,0,"7_12","7~12"
89,0,0,0,0,0,0,0,0,0,0,96,0,"7_12","7~12"
90,0,0,0,0,0,0,0,0,0,0,96,0,"7_12","7~12"
91,0,0,0,0,0,0,0,0,0,0,96,0,"7_12","7~12"
92,0,0,0,0,0,0,0,0,0,0,96,0,"7_12","7~12"
93,0,0,0,0,0,0,0,0,0,0,96,0,"7_12","7~12"
94,0,0,0,0,0,0,0,0,0,0,96,0,"7_12","7~12"
95,0,0,0,0,0,0,0,0,0,0,96,0,"7_12","7~12"
96,0,0,0,0,0,0,0,0,0,0,96,0,"7_12","7~12"
97,0,0,0,0,0,0,0,0,0,0,96,0,"7_12","7~12"
98,0,0,0,0,0,0,0,0,0,0,96,0,"7_12","7~12"
99,0,0,0,0,0,0,0,0,0,0,96,0,"7_12","7~12"
100,0,0,0,0,0,0,0,0,0,0,96,0,"7_12","7~12"
101,0,0,0,0,0,0,0,0,0,0,96,0,"7_12","7~12"
102,0,0,0,0,0,0,0,0,0,0,96,0,"7_12","7~12"
103,0,0,0,0,0,0,0,0,0,0,96,0,"7_12","7~12"
104,0,0,0,0,0,0,0,0,0,0,96,0,"7_12","7~12"
105,0,0,0,0,0,0,0,0,0,0,96,0,"7_12","7~12"
106,0,0,0,0,0,0,0,0,0,0,96,0,"7_12","7~12"
107,0,0,0,0,0,0,0,0,0,0,96,0,"7_12","7~12"
108,0,0,0,0,0,0,0,0,0,0,96,0,"7_12","7~12"
109,0,0,0,0,0,0,0,0,0,0,96,0,"7_12","7~12"
110,0,0,0,0,0,0,0,0,0,0,96,0,"7_12","7~12"
111,0,0,0,0,0,0,0,0,0,0,96,0,"7_12","7~12"
112,0,0,0,0,0,0,0,0,0,0,96,0,"7_12","7~12"
113,0,0,0,0,0,0,0,0,0,0,96,0,"7_12","7~12"
114,0,0,0,0,0,0,0,0,0,0,96,0,"7_12","7~12"
115,0,0,0,0,0,0,0,0,0,0,96,0,"7_12","7~12"
116,0,0,0,0,0,0,0,0,0,0,96,0,"7_12","7~12"
117,0,0,0,0,0,0,0,0,0,0,96,0,"7_12","7~12"
118,0,0,0,0,0,0,0,0,0,0,96,0,"7_12","7~12"
119,0,0,0,0,0,0,0,0,0,0,96,0,"7_12","7~12"
120,0,0,0,0,0,0,0,0,0,0,96,0,"7_12","7~12"
121,0,0,0,0,0,0,0,0,0,0,96,0,"7_12","7~12"
122,0,0,0,0,0,0,0,0,0,0,96,0,"7_12","7~12"
123,0,0,0,0,0,0,0,0,0,0,96,0,"7_12","7~12"
124,0,0,0,0,0,0,0,0,0,0,96,0,"7_12","7~12"
125,0,0,0,0,0,0,0,0,0,0,96,0,"7_12","7~12"
126,0,0,0,0,0,0,0,0,0,0,96,0,"7_12","7~12"
127,0,0,0,0,0,0,0,0,0,0,96,0,"7_12","7~12"
128,0,0,0,0,0,0,0,0,0,0,96,0,"7_12","7~12"
129,0,0,0,0,0,0,0,0,0,0,96,0,"7_12","7~12"
130,0,0,0,0,0,0,0,0,0,0,96,0,"7_12","7~12"
131,0,0,0,0,0,0,0,0,0,0,96,0,"7_12","7~12"
132,0,0,0,0,0,0,0,0,0,0,96,0,"7_12","7~12"
133,0,0,0,0,0,0,0,0,0,0,96,0,"7_12","7~12"
134,0,0,0,0,0,0,0,0,0,0,96,0,"7_12","7~12"
135,0,0,0,0,0,0,0,0,0,0,96,0,"7_12","7~12"
136,0,0,0,0,0,0,0,0,0,0,96,0,"7_12","7~12"
137,0,0,0,0,0,0,0,0,0,0,96,0,"7_12","7~12"
138,0,0,0,0,0,0,0,0,0,0,96,0,"7_12","7~12"
139,0,0,0,0,0,0,0,0,0,0,96,0,"7_12","7~12"
140,0,0,0,0,0,0,0,0,0,0,96,0,"7_12","7~12"
141,0,0,0,0,0,0,0,0,0,0,96,0,"7_12","7~12"
142,0,0,0,0,0,0,0,0,0,0,96,0,"7_12","7~12"
143,0,0,0,0,0,0,0,0,0,0,96,0,"7_12","7~12"
144,0,0,0,0,0,0,0,0,0,0,96,0,"7_12","7~12"
145,0,0,0,0,0,0,0,0,0,0,96,0,"7_12","7~12"
146,0,0,0,0,0,0,0,0,0,0,96,0,"7_12","7~12"
147,0,0,0,0,0,0,0,0,0,0,96,0,"7_12","7~12"
148,0,0,0,0,0,0,0,0,0,0,96,0,"7_12","7~12"
149,0,0,0,0,0,0,0,0,0,0,96,0,"7_12","7~12"
150,0,0,0,0,0,0,0,0,0,0,96,0,"7_12","7~12"
151,0,0,0,0,0,0,0,0,0,0,96,0,"7_12","7~12"
152,0,0,0,0,0,0,0,0,0,0,96,0,"7_12","7~12"
153,0,0,0,0,0,0,0,0,0,0,96,0,"7_12","7~12"
154,0,0,0,0,0,0,0,0,0,0,96,0,"7_12","7~12"
155,0,0,0,0,0,0,0,0,0,0,96,0,"7_12","7~12"
156,0,0,0,0,0,0,0,0,0,0,96,0,"7_12","7~12"
157,0,0,0,0,0,0,0,0,0,0,96,0,"7_12","7~12"
158,0,0,0,0,0,0,0,0,0,0,96,0,"7_12","7~12"
159,0,0,0,0,0,0,0,0,0,0,96,0,"7_12","7~12"
160,0,0,0,0,0,0,0,0,0,0,96,0,"7_12","7~12"
161,0,0,0,0,0,0,0,0,0,0,96,0,"7_12","7~12"
162,0,0,0,0,0,0,0,0,0,0,96,0,"7_12","7~12"
163,0,0,0,0,0,0,0,0,0,0,96,0,"7_12","7~12"
164,0,0,0,0,0,0,0,0,0,0,96,0,"7_12","7~12"
165,0,0,0,0,0,0,0,0,0,0,96,0,"7_12","7~12"
166,0,0,0,0,0,0,0,0,0,0,96,0,"7_12","7~12"
167,0,0,0,0,0,0,0,0,0,0,96,0,"7_12","7~12"
168,0,0,0,0,0,0,0,0,0,0,96,0,"7_12","7~12"
169,0,0,0,0,0,0,0,0,0,0,96,0,"7_12","7~12"
170,0,0,0,0,0,0,0,0,0,0,96,0,"7_12","7~12"
171,0,0,0,0,0,0,0,0,0,0,96,0,"7_12","7~12"
172,0,0,0,0,0,0,0,0,0,0,96,0,"7_12","7~12"
173,0,0,0,0,0,0,0,0,0,0,96,0,"7_12","7~12"
174,0,0,0,0,0,0,0,0,0,0,96,0,"7_12","7~12"
175,0,0,0,0,0,0,0,0,0,0,96,0,"7_12","7~12"
176,0,0,0,0,0,0,0,0,0,0,96,0,"7_12","7~12"
177,0,0,0,0,0,0,0,0,0,0,96,0,"7_12","7~12"
178,0,0,0,0,0,0,0,0,0,0,96,0,"7_12","7~12"
179,0,0,0,0,0,0,0,0,0,0,96,0,"7_12","7~12"
180,0,0,0,0,0,0,0,0,0,0,96,0,"7_12","7~12"
181,0,0,0,0,0,0,0,0,0,0,96,0,"7_12","7~12"
182,0,0,0,0,0,0,0,0,0,0,96,0,"7_12","7~12"
183,0,0,0,0,0,0,0,0,0,0,96,0,"7_12","7~12"
184,0,0,0,0,0,0,0,0,0,0,96,0,"7_12","7~12"
185,0,0,0,0,0,0,0,0,0,0,96,0,"7_12","7~12"
186,0,0,0,0,0,0,0,0,0,0,96,0,"7_12","7~12"
187,0,0,0,0,0,0,0,0,0,0,96,0,"7_12","7~12"
188,0,0,0,0,0,0,0,0,0,0,96,0,"7_12","7~12"
189,0,0,0,0,0,0,0,0,0,0,96,0,"7_12","7~12"
190,0,0,0,0,0,0,0,0,0,0,96,0,"7_12","7~12"
191,0,0,0,0,0,0,0,0,0,0,96,0,"7_12","7~12"
192,0,0,0,0,0,0,0,0,0,0,96,0,"7_12","7~12"
193,0,0,0,0,0,0,0,0,0,0,96,0,"7_12","7~12"
194,0,0,0,0,0,0,0,0,0,0,96,0,"7_12","7~12"
195,0,0,0,0,0,0,0,0,0,0,96,0,"7_12","7~12"
196,0,0,0,0,0,0,0,0,0,0,96,0,"7_12","7~12"
197,0,0,0,0,0,0,0,0,0,0,96,0,"7_12","7~12"
198,0,0,0,0,0,0,0,0,0,0,96,0,"7_12","7~12"
199,0,0,0,0,0,0,,,,,,,"7_12","7~12"
0,0.23010572791099548,0.5862069129943848,0.931034505367279,0.7586206793785095,0.8298449516296387,0.03374071791768074,0.03448275849223137,7.379310131072998,-11.337689399719238,93.10344696044922,27,0.03425028547644615,"7_13","7~13"
1,0.049078039824962616,0.0810810774564743,0.21621622145175934,0.1621621549129486,0.1862061619758606,0.1626090705394745,0.027027027681469917,2.0135135650634766,-2.401756763458252,21.62162208557129,43,0.040275003761053085,"7_13","7~13"
2,0.025924120098352432,0.0714285746216774,0.095238097012043,0.0476190485060215,0.09487982094287872,0.02333206683397293,0,0.4761904776096344,-1.4317142963409424,9.523809432983398,47,0,"7_13","7~13"
3,0,0,0,0,0,0,0,0,0,0,47,0,"7_13","7~13"
4,0,0,0,0,0,0,0,0,0,0,47,0,"7_13","7~13"
5,0,0,0,0,0,0,0,0,0,0,47,0,"7_13","7~13"
6,0.020164916291832924,0.04545454680919647,0.09090909361839294,0,0.09076379984617233,0,0,0.1818181872367859,-1.4711817502975464,9.090909004211426,49,0,"7_13","7~13"
7,0,0,0,0,0,0,0,0,0,0,49,0,"7_13","7~13"
8,0,0,0,0,0,0,0,0,0,0,49,0,"7_13","7~13"
9,0,0,0,0,0,0,0,0,0,0,49,0,"7_13","7~13"
10,0,0,0,0,0,0,0,0,0,0,49,0,"7_13","7~13"
11,0,0,0,0,0,0,0,0,0,0,49,0,"7_13","7~13"
12,0,0,0,0,0,0,0,0,0,0,49,0,"7_13","7~13"
13,0,0,0,0,0,0,0,0,0,0,49,0,"7_13","7~13"
14,0,0,0,0,0,0,0,0,0,0,49,0,"7_13","7~13"
15,0,0,0,0,0,0,0,0,0,0,49,0,"7_13","7~13"
16,0,0,0,0,0,0,0,0,0,0,49,0,"7_13","7~13"
17,0,0,0,0,0,0,0,0,0,0,49,0,"7_13","7~13"
18,0,0,0,0,0,0,0,0,0,0,49,0,"7_13","7~13"
19,0,0,0,0,0,0,0,0,0,0,49,0,"7_13","7~13"
20,0,0,0,0,0,0,0,0,0,0,49,0,"7_13","7~13"
21,0,0,0,0,0,0,0,0,0,0,49,0,"7_13","7~13"
22,0,0,0,0,0,0,0,0,0,0,49,0,"7_13","7~13"
23,0,0,0,0,0,0,0,0,0,0,49,0,"7_13","7~13"
24,0,0,0,0,0,0,0,0,0,0,49,0,"7_13","7~13"
25,0,0,0,0,0,0,0,0,0,0,49,0,"7_13","7~13"
26,0,0,0,0,0,0,0,0,0,0,49,0,"7_13","7~13"
27,0,0,0,0,0,0,0,0,0,0,49,0,"7_13","7~13"
28,0,0,0,0,0,0,0,0,0,0,49,0,"7_13","7~13"
29,0,0,0,0,0,0,0,0,0,0,49,0,"7_13","7~13"
30,0,0,0,0,0,0,0,0,0,0,49,0,"7_13","7~13"
31,0,0,0,0,0,0,0,0,0,0,49,0,"7_13","7~13"
32,0,0,0,0,0,0,0,0,0,0,49,0,"7_13","7~13"
33,0,0,0,0,0,0,0,0,0,0,49,0,"7_13","7~13"
34,0,0,0,0,0,0,0,0,0,0,49,0,"7_13","7~13"
35,0,0,0,0,0,0,0,0,0,0,49,0,"7_13","7~13"
36,0,0,0,0,0,0,0,0,0,0,49,0,"7_13","7~13"
37,0,0,0,0,0,0,0,0,0,0,49,0,"7_13","7~13"
38,0,0,0,0,0,0,0,0,0,0,49,0,"7_13","7~13"
39,0,0,0,0,0,0,0,0,0,0,49,0,"7_13","7~13"
40,0,0,0,0,0,0,0,0,0,0,49,0,"7_13","7~13"
41,0,0,0,0,0,0,0,0,0,0,49,0,"7_13","7~13"
42,0,0,0,0,0,0,0,0,0,0,49,0,"7_13","7~13"
43,0,0,0,0,0,0,0,0,0,0,49,0,"7_13","7~13"
44,0,0,0,0,0,0,0,0,0,0,49,0,"7_13","7~13"
45,0,0,0,0,0,0,0,0,0,0,49,0,"7_13","7~13"
46,0,0,0,0,0,0,0,0,0,0,49,0,"7_13","7~13"
47,0,0,0,0,0,0,0,0,0,0,49,0,"7_13","7~13"
48,0,0,0,0,0,0,0,0,0,0,49,0,"7_13","7~13"
49,0,0,0,0,0,0,0,0,0,0,49,0,"7_13","7~13"
50,0,0,0,0,0,0,0,0,0,0,49,0,"7_13","7~13"
51,0,0,0,0,0,0,0,0,0,0,49,0,"7_13","7~13"
52,0,0,0,0,0,0,0,0,0,0,49,0,"7_13","7~13"
53,0,0,0,0,0,0,0,0,0,0,49,0,"7_13","7~13"
54,0,0,0,0,0,0,0,0,0,0,49,0,"7_13","7~13"
55,0,0,0,0,0,0,0,0,0,0,49,0,"7_13","7~13"
56,0,0,0,0,0,0,0,0,0,0,49,0,"7_13","7~13"
57,0,0,0,0,0,0,0,0,0,0,49,0,"7_13","7~13"
58,0,0,0,0,0,0,0,0,0,0,49,0,"7_13","7~13"
59,0,0,0,0,0,0,0,0,0,0,49,0,"7_13","7~13"
60,0,0,0,0,0,0,0,0,0,0,49,0,"7_13","7~13"
61,0,0,0,0,0,0,0,0,0,0,49,0,"7_13","7~13"
62,0,0,0,0,0,0,0,0,0,0,49,0,"7_13","7~13"
63,0,0,0,0,0,0,0,0,0,0,49,0,"7_13","7~13"
64,0,0,0,0,0,0,0,0,0,0,49,0,"7_13","7~13"
65,0,0,0,0,0,0,0,0,0,0,49,0,"7_13","7~13"
66,0,0,0,0,0,0,0,0,0,0,49,0,"7_13","7~13"
67,0,0,0,0,0,0,0,0,0,0,49,0,"7_13","7~13"
68,0,0,0,0,0,0,0,0,0,0,49,0,"7_13","7~13"
69,0,0,0,0,0,0,0,0,0,0,49,0,"7_13","7~13"
70,0,0,0,0,0,0,0,0,0,0,49,0,"7_13","7~13"
71,0,0,0,0,0,0,0,0,0,0,49,0,"7_13","7~13"
72,0,0,0,0,0,0,0,0,0,0,49,0,"7_13","7~13"
73,0,0,0,0,0,0,0,0,0,0,49,0,"7_13","7~13"
74,0,0,0,0,0,0,0,0,0,0,49,0,"7_13","7~13"
75,0,0,0,0,0,0,0,0,0,0,49,0,"7_13","7~13"
76,0,0,0,0,0,0,0,0,0,0,49,0,"7_13","7~13"
77,0,0,0,0,0,0,0,0,0,0,49,0,"7_13","7~13"
78,0,0,0,0,0,0,0,0,0,0,49,0,"7_13","7~13"
79,0,0,0,0,0,0,0,0,0,0,49,0,"7_13","7~13"
80,0,0,0,0,0,0,0,0,0,0,49,0,"7_13","7~13"
81,0,0,0,0,0,0,0,0,0,0,49,0,"7_13","7~13"
82,0,0,0,0,0,0,0,0,0,0,49,0,"7_13","7~13"
83,0,0,0,0,0,0,0,0,0,0,49,0,"7_13","7~13"
84,0,0,0,0,0,0,0,0,0,0,49,0,"7_13","7~13"
85,0,0,0,0,0,0,0,0,0,0,49,0,"7_13","7~13"
86,0,0,0,0,0,0,0,0,0,0,49,0,"7_13","7~13"
87,0,0,0,0,0,0,0,0,0,0,49,0,"7_13","7~13"
88,0,0,0,0,0,0,0,0,0,0,49,0,"7_13","7~13"
89,0,0,0,0,0,0,0,0,0,0,49,0,"7_13","7~13"
90,0,0,0,0,0,0,0,0,0,0,49,0,"7_13","7~13"
91,0,0,0,0,0,0,0,0,0,0,49,0,"7_13","7~13"
92,0,0,0,0,0,0,0,0,0,0,49,0,"7_13","7~13"
93,0,0,0,0,0,0,0,0,0,0,49,0,"7_13","7~13"
94,0,0,0,0,0,0,0,0,0,0,49,0,"7_13","7~13"
95,0,0,0,0,0,0,0,0,0,0,49,0,"7_13","7~13"
96,0,0,0,0,0,0,0,0,0,0,49,0,"7_13","7~13"
97,0,0,0,0,0,0,0,0,0,0,49,0,"7_13","7~13"
98,0,0,0,0,0,0,0,0,0,0,49,0,"7_13","7~13"
99,0,0,0,0,0,0,0,0,0,0,49,0,"7_13","7~13"
100,0,0,0,0,0,0,0,0,0,0,49,0,"7_13","7~13"
101,0,0,0,0,0,0,0,0,0,0,49,0,"7_13","7~13"
102,0,0,0,0,0,0,0,0,0,0,49,0,"7_13","7~13"
103,0,0,0,0,0,0,0,0,0,0,49,0,"7_13","7~13"
104,0,0,0,0,0,0,0,0,0,0,49,0,"7_13","7~13"
105,0,0,0,0,0,0,0,0,0,0,49,0,"7_13","7~13"
106,0,0,0,0,0,0,0,0,0,0,49,0,"7_13","7~13"
107,0,0,0,0,0,0,0,0,0,0,49,0,"7_13","7~13"
108,0,0,0,0,0,0,0,0,0,0,49,0,"7_13","7~13"
109,0,0,0,0,0,0,0,0,0,0,49,0,"7_13","7~13"
110,0,0,0,0,0,0,0,0,0,0,49,0,"7_13","7~13"
111,0,0,0,0,0,0,0,0,0,0,49,0,"7_13","7~13"
112,0,0,0,0,0,0,0,0,0,0,49,0,"7_13","7~13"
113,0,0,0,0,0,0,0,0,0,0,49,0,"7_13","7~13"
114,0,0,0,0,0,0,0,0,0,0,49,0,"7_13","7~13"
115,0,0,0,0,0,0,0,0,0,0,49,0,"7_13","7~13"
116,0,0,0,0,0,0,0,0,0,0,49,0,"7_13","7~13"
117,0,0,0,0,0,0,0,0,0,0,49,0,"7_13","7~13"
118,0,0,0,0,0,0,0,0,0,0,49,0,"7_13","7~13"
119,0,0,0,0,0,0,0,0,0,0,49,0,"7_13","7~13"
120,0,0,0,0,0,0,0,0,0,0,49,0,"7_13","7~13"
121,0,0,0,0,0,0,0,0,0,0,49,0,"7_13","7~13"
122,0,0,0,0,0,0,0,0,0,0,49,0,"7_13","7~13"
123,0,0,0,0,0,0,0,0,0,0,49,0,"7_13","7~13"
124,0,0,0,0,0,0,0,0,0,0,49,0,"7_13","7~13"
125,0,0,0,0,0,0,0,0,0,0,49,0,"7_13","7~13"
126,0,0,0,0,0,0,0,0,0,0,49,0,"7_13","7~13"
127,0,0,0,0,0,0,0,0,0,0,49,0,"7_13","7~13"
128,0,0,0,0,0,0,0,0,0,0,49,0,"7_13","7~13"
129,0,0,0,0,0,0,0,0,0,0,49,0,"7_13","7~13"
130,0,0,0,0,0,0,0,0,0,0,49,0,"7_13","7~13"
131,0,0,0,0,0,0,0,0,0,0,49,0,"7_13","7~13"
132,0,0,0,0,0,0,0,0,0,0,49,0,"7_13","7~13"
133,0,0,0,0,0,0,0,0,0,0,49,0,"7_13","7~13"
134,0,0,0,0,0,0,0,0,0,0,49,0,"7_13","7~13"
135,0,0,0,0,0,0,0,0,0,0,49,0,"7_13","7~13"
136,0,0,0,0,0,0,0,0,0,0,49,0,"7_13","7~13"
137,0,0,0,0,0,0,0,0,0,0,49,0,"7_13","7~13"
138,0,0,0,0,0,0,0,0,0,0,49,0,"7_13","7~13"
139,0,0,0,0,0,0,0,0,0,0,49,0,"7_13","7~13"
140,0,0,0,0,0,0,0,0,0,0,49,0,"7_13","7~13"
141,0,0,0,0,0,0,0,0,0,0,49,0,"7_13","7~13"
142,0,0,0,0,0,0,0,0,0,0,49,0,"7_13","7~13"
143,0,0,0,0,0,0,0,0,0,0,49,0,"7_13","7~13"
144,0,0,0,0,0,0,0,0,0,0,49,0,"7_13","7~13"
145,0,0,0,0,0,0,0,0,0,0,49,0,"7_13","7~13"
146,0,0,0,0,0,0,0,0,0,0,49,0,"7_13","7~13"
147,0,0,0,0,0,0,0,0,0,0,49,0,"7_13","7~13"
148,0,0,0,0,0,0,0,0,0,0,49,0,"7_13","7~13"
149,0,0,0,0,0,0,0,0,0,0,49,0,"7_13","7~13"
150,0,0,0,0,0,0,0,0,0,0,49,0,"7_13","7~13"
151,0,0,0,0,0,0,0,0,0,0,49,0,"7_13","7~13"
152,0,0,0,0,0,0,0,0,0,0,49,0,"7_13","7~13"
153,0,0,0,0,0,0,0,0,0,0,49,0,"7_13","7~13"
154,0,0,0,0,0,0,0,0,0,0,49,0,"7_13","7~13"
155,0,0,0,0,0,0,0,0,0,0,49,0,"7_13","7~13"
156,0,0,0,0,0,0,0,0,0,0,49,0,"7_13","7~13"
157,0,0,0,0,0,0,0,0,0,0,49,0,"7_13","7~13"
158,0,0,0,0,0,0,0,0,0,0,49,0,"7_13","7~13"
159,0,0,0,0,0,0,0,0,0,0,49,0,"7_13","7~13"
160,0,0,0,0,0,0,0,0,0,0,49,0,"7_13","7~13"
161,0,0,0,0,0,0,0,0,0,0,49,0,"7_13","7~13"
162,0,0,0,0,0,0,0,0,0,0,49,0,"7_13","7~13"
163,0,0,0,0,0,0,0,0,0,0,49,0,"7_13","7~13"
164,0,0,0,0,0,0,0,0,0,0,49,0,"7_13","7~13"
165,0,0,0,0,0,0,0,0,0,0,49,0,"7_13","7~13"
166,0,0,0,0,0,0,0,0,0,0,49,0,"7_13","7~13"
167,0,0,0,0,0,0,0,0,0,0,49,0,"7_13","7~13"
168,0,0,0,0,0,0,0,0,0,0,49,0,"7_13","7~13"
169,0,0,0,0,0,0,0,0,0,0,49,0,"7_13","7~13"
170,0,0,0,0,0,0,0,0,0,0,49,0,"7_13","7~13"
171,0,0,0,0,0,0,0,0,0,0,49,0,"7_13","7~13"
172,0,0,0,0,0,0,0,0,0,0,49,0,"7_13","7~13"
173,0,0,0,0,0,0,0,0,0,0,49,0,"7_13","7~13"
174,0,0,0,0,0,0,0,0,0,0,49,0,"7_13","7~13"
175,0,0,0,0,0,0,0,0,0,0,49,0,"7_13","7~13"
176,0,0,0,0,0,0,0,0,0,0,49,0,"7_13","7~13"
177,0,0,0,0,0,0,0,0,0,0,49,0,"7_13","7~13"
178,0,0,0,0,0,0,0,0,0,0,49,0,"7_13","7~13"
179,0,0,0,0,0,0,0,0,0,0,49,0,"7_13","7~13"
180,0,0,0,0,0,0,0,0,0,0,49,0,"7_13","7~13"
181,0,0,0,0,0,0,0,0,0,0,49,0,"7_13","7~13"
182,0,0,0,0,0,0,0,0,0,0,49,0,"7_13","7~13"
183,0,0,0,0,0,0,0,0,0,0,49,0,"7_13","7~13"
184,0,0,0,0,0,0,0,0,0,0,49,0,"7_13","7~13"
185,0,0,0,0,0,0,0,0,0,0,49,0,"7_13","7~13"
186,0,0,0,0,0,0,0,0,0,0,49,0,"7_13","7~13"
187,0,0,0,0,0,0,0,0,0,0,49,0,"7_13","7~13"
188,0,0,0,0,0,0,0,0,0,0,49,0,"7_13","7~13"
189,0,0,0,0,0,0,0,0,0,0,49,0,"7_13","7~13"
190,0,0,0,0,0,0,0,0,0,0,49,0,"7_13","7~13"
191,0,0,0,0,0,0,0,0,0,0,49,0,"7_13","7~13"
192,0,0,0,0,0,0,0,0,0,0,49,0,"7_13","7~13"
193,0,0,0,0,0,0,0,0,0,0,49,0,"7_13","7~13"
194,0,0,0,0,0,0,0,0,0,0,49,0,"7_13","7~13"
195,0,0,0,0,0,0,0,0,0,0,49,0,"7_13","7~13"
196,0,0,0,0,0,0,0,0,0,0,49,0,"7_13","7~13"
197,0,0,0,0,0,0,0,0,0,0,49,0,"7_13","7~13"
198,0,0,0,0,0,0,0,0,0,0,49,0,"7_13","7~13"
199,0,0,0,0,0,0,,,,,,,"7_13","7~13"
0,0.23913942277431488,0.7307692170143127,0.9615384340286255,0.807692289352417,0.854938805103302,0.15038923919200897,0.1538461595773697,9,-11.297500610351562,96.15384674072266,25,0.07647041976451874,"7_14","7~14"
1,0.11737357825040817,0.08045977354049683,0.4597701132297516,0.3333333432674408,0.3406551480293274,0.22446487843990326,0.13793103396892548,6.356321811676025,-3.218045949935913,47.12643814086914,66,0.03389037027955055,"7_14","7~14"
2,0.034308936446905136,0.025641025975346565,0.11538461595773697,0.06410256773233414,0.12756691873073578,0.09761887788772583,0.06410256773233414,0.7948718070983887,-1.8826794624328613,12.820512771606445,76,0.012705625966191292,"7_14","7~14"
3,0.13720448315143585,0.043478261679410934,0.5,0.3913043439388275,0.49278563261032104,0.4059063792228699,0.021739130839705467,3.9782607555389404,-7.123935222625732,50,99,0.02157759480178356,"7_14","7~14"
4,0.12821711599826813,0,0.4912280738353729,0.2982456088066101,0.47676077485084534,0.18676771223545074,0,3.5438597202301025,-6.8662109375,49.122806549072266,125,0,"7_14","7~14"
5,0.12217570841312408,0.10256410390138626,0.4615384638309479,0.28205129504203796,0.45954886078834534,0.17355109751224518,0,2.9743590354919434,-6.829102516174316,46.153846740722656,141,0.050977639853954315,"7_14","7~14"
6,0.09431808441877365,0.25,0.875,0.375,0.4003903865814209,0.24308469891548157,0,5.25,-5.621624946594238,87.5,145,0,"7_14","7~14"
7,0.23357288539409637,0.6000000238418579,0.8500000238418579,0.4000000059604645,0.8473256230354309,0.4844512939453125,0,5.349999904632568,-12.874898910522461,85,152,0.09936701506376266,"7_14","7~14"
8,0.11806187778711319,0.04545454680919647,0.4545454680919647,0.40909090638160706,0.4382980465888977,0.14875540137290955,0.11363636702299118,4.454545497894287,-5.650613784790039,45.45454406738281,172,0,"7_14","7~14"
9,0.17648394405841827,0.0694444477558136,0.7222222089767456,0.4722222089767456,0.45306703448295593,0.1472698599100113,0,9.36111068725586,-3.6195831298828125,72.22222137451172,224,0,"7_14","7~14"
10,0.2564564645290375,0,0.9259259104728699,0.7777777910232544,0.9178147315979004,0.4313167631626129,0,8.259259223937988,-12.504148483276367,92.59259033203125,239,0,"7_14","7~14"
11,0.15332354605197906,0.1428571492433548,0.5714285969734192,0.2857142984867096,0.569527268409729,0.5546966195106506,0,3.857142925262451,-8.552714347839355,57.14285659790039,240,0,"7_14","7~14"
12,0.28426843881607056,0.8999999761581421,1,1,0.9914034605026245,0.968723475933075,0,8.300000190734863,-13.343600273132324,100,247,0.593244194984436,"7_14","7~14"
13,0.10073380172252655,0.4285714328289032,0.5714285969734192,0.4285714328289032,0.43452367186546326,0.41866010427474976,0,4.285714149475098,-6.331856727600098,57.14285659790039,249,0.14146211743354797,"7_14","7~14"
14,0.17140066623687744,0,0.6428571343421936,0.6428571343421936,0.6341385245323181,0.5574311017990112,0,6.785714149475098,-8.295714378356934,64.28571319580078,251,0,"7_14","7~14"
15,0.21155573427677155,0,0.7692307829856873,0.7692307829856873,0.7106438875198364,0.6054502129554749,0,8.461538314819336,-9.337307929992676,76.92308044433594,255,0,"7_14","7~14"
16,0.13883143663406372,0,0.5,0.5,0.39802876114845276,0.09798932075500488,0,4.800000190734863,-5.127299785614014,50,259,0,"7_14","7~14"
17,0.12062713503837585,0,0.4399999976158142,0.41999998688697815,0.3734571039676666,0.03847372904419899,0,5.139999866485596,-4.312999725341797,44,277,0,"7_14","7~14"
18,0.11622335016727448,0,0.42105263471603394,0.3684210479259491,0.4192100465297699,0,0,3.0526316165924072,-6.145895004272461,42.105262756347656,285,0,"7_14","7~14"
19,0.11629786342382431,0,0.4166666567325592,0.3333333432674408,0.321856290102005,0,0,4.416666507720947,-1.4734166860580444,41.66666793823242,288,0,"7_14","7~14"
20,0.3099171817302704,0,1,1,0.9943376183509827,0,0,8.666666984558105,-13.99699878692627,100,288,0,"7_14","7~14"
21,0.30858495831489563,0,1,1,0.9943369626998901,0,0,8.5,-14,100,289,0,"7_14","7~14"
22,0.18481659889221191,0,0.6666666865348816,0.6666666865348816,0.6638548374176025,0,0,5,-9.666000366210938,66.66666412353516,289,0,"7_14","7~14"
23,0.19007571041584015,0,0.75,0.5833333134651184,0.7467172741889954,0,0,5.416666507720947,-10.864583015441895,75,297,0,"7_14","7~14"
24,0.27722489833831787,0,1,1,0.9957822561264038,0,0,7.5,-14.499000549316406,100,297,0,"7_14","7~14"
25,0.19920162856578827,0.09090909361839294,0.7272727489471436,0.6363636255264282,0.7228633761405945,0,0,6.090909004211426,-10.211363792419434,72.7272720336914,303,0,"7_14","7~14"
26,0.14101339876651764,0,0.5,0.5,0.49686399102211,0,0,4.25,-6.92549991607666,50,304,0,"7_14","7~14"
27,0.26073840260505676,0,1,1,0.9956489205360413,0,0,7.5,-14.443750381469727,100,307,0,"7_14","7~14"
28,0.26654282212257385,0,1,0.75,0.9962069392204285,0,0,6.75,-14.751250267028809,100,309,0,"7_14","7~14"
29,0.2485838234424591,0,1,1,0.994513988494873,0,0,8,-14.048500061035156,100,310,0,"7_14","7~14"
30,0.11343958228826523,0,0.5,0.5,0.49807560443878174,0,0,3.5,-7.326000213623047,50,310,0,"7_14","7~14"
31,0.056719791144132614,0,0.25,0.25,0.24903780221939087,0,0,1.75,-3.6630001068115234,25,310,0,"7_14","7~14"
32,0.09236860275268555,0,0.3636363744735718,0.3636363744735718,0.36147478222846985,0,0,2.909090995788574,-5.056727409362793,36.3636360168457,312,0,"7_14","7~14"
33,0.1746254414319992,0,0.6666666865348816,0.6666666865348816,0.6630961894989014,0,0,5.666666507720947,-9.390666961669922,66.66666412353516,313,0,"7_14","7~14"
34,0.07061169296503067,0,0.25,0.25,0.24880844354629517,0,0,2,-3.5697500705718994,25,313,0,"7_14","7~14"
35,0.2789655029773712,0,1,1,0.9955994486808777,0,0,7.666666507720947,-14.425666809082031,100,313,0,"7_14","7~14"
36,0.14122338593006134,0,0.5,0.5,0.49761688709259033,0,0,4,-7.139500141143799,50,313,0,"7_14","7~14"
37,0.27722489833831787,0,1,1,0.9957822561264038,0,0,7.5,-14.499000549316406,100,313,0,"7_14","7~14"
38,0.2824467718601227,0,1,1,0.9952337741851807,0,0,8,-14.279000282287598,100,313,0,"7_14","7~14"
39,0.035305846482515335,0,0.125,0.125,0.12440422177314758,0,0,1,-1.7848750352859497,12.5,313,0,"7_14","7~14"
40,0.14697732031345367,0,0.5555555820465088,0.3333333432674408,0.5526480078697205,0,0.1111111119389534,3.555555582046509,-8.062556266784668,55.55555725097656,315,0,"7_14","7~14"
41,0.12733148038387299,0,0.5,0.5,0.49784624576568604,0,0,3.75,-7.232749938964844,50,315,0,"7_14","7~14"
42,0.23943527042865753,0,1,1,0.9942383170127869,0,0,7.333333492279053,-13.957667350769043,100,316,0,"7_14","7~14"
43,0.1409429907798767,0,0.6666666865348816,0.3333333432674408,0.6640629768371582,0,0,4,-10.031000137329102,66.66666412353516,318,0,"7_14","7~14"
44,0.28646254539489746,0,1,0.25,0.9970545172691345,0,0,6,-15.335749626159668,100,320,0,"7_14","7~14"
45,0.1681298166513443,0,0.5,0,0.4988624155521393,0,0,3,-7.783999919891357,50,320,0,"7_14","7~14"
46,0.23654158413410187,0,0.8571428656578064,0.4285714328289032,0.8494461178779602,0,0,5.714285850524902,-12.305715560913086,85.71428680419922,323,0,"7_14","7~14"
47,0.22687916457653046,0,1,1,0.9961512088775635,0,0,7,-14.652000427246094,100,323,0,"7_14","7~14"
48,0.3362596333026886,0,1,0,0.9977248311042786,0,0,6,-15.567999839782715,100,323,0,"7_14","7~14"
49,0.2979019284248352,0,1,0.5,0.9962385892868042,0,0,6.5,-14.839500427246094,100,323,0,"7_14","7~14"
50,0.22687916457653046,0,1,1,0.9961512088775635,0,0,7,-14.652000427246094,100,323,0,"7_14","7~14"
51,0.22687916457653046,0,1,1,0.9961512088775635,0,0,7,-14.652000427246094,100,323,0,"7_14","7~14"
52,0.2979019284248352,0,1,0.5,0.9962385892868042,0,0,6.5,-14.839500427246094,100,323,0,"7_14","7~14"
53,0.3362596333026886,0,1,0,0.9977248311042786,0,0,6,-15.567999839782715,100,323,0,"7_14","7~14"
54,0.22687916457653046,0,1,1,0.9961512088775635,0,0,7,-14.652000427246094,100,323,0,"7_14","7~14"
55,0.26083457469940186,0,1,0,0.9977116584777832,0.4831041991710663,0,6,-15.558000564575195,100,324,0,"7_14","7~14"
56,0.3362596333026886,0,1,0,0.9977248311042786,0,0,6,-15.567999839782715,100,324,0,"7_14","7~14"
57,0.3362596333026886,0,1,0,0.9977248311042786,0,0,6,-15.567999839782715,100,324,0,"7_14","7~14"
58,0.1681298166513443,0,0.5,0,0.4988624155521393,0,0,3,-7.783999919891357,50,324,0,"7_14","7~14"
59,0.27217790484428406,0,1,0.6666666865348816,0.9963181018829346,0,0,6.666666507720947,-14.81433391571045,100,324,0,"7_14","7~14"
60,0.25466296076774597,0,1,1,0.9956924915313721,0,0,7.5,-14.465499877929688,100,324,0,"7_14","7~14"
61,0.28156939148902893,0,1,0.5,0.9969379901885986,0,0,6.5,-15.110000610351562,100,324,0,"7_14","7~14"
62,0.1681298166513443,0,0.5,0,0.4988624155521393,0,0,3,-7.783999919891357,50,324,0,"7_14","7~14"
63,0.28620535135269165,0,1,0,0.9982213377952576,0,0,5.5,-16.066999435424805,100,325,0,"7_14","7~14"
64,0.28209689259529114,0,1,0,0.9983407855033875,0,0,5.333333492279053,-16.173999786376953,100,326,0,"7_14","7~14"
65,0.26227879524230957,0,1,0.4000000059604645,0.9969837069511414,0,0,6.199999809265137,-15.270401000976562,100,326,0,"7_14","7~14"
66,0.3362596333026886,0,1,0,0.9977248311042786,0,0,6,-15.567999839782715,100,326,0,"7_14","7~14"
67,0.3362596333026886,0,1,0,0.9977248311042786,0,0,6,-15.567999839782715,100,326,0,"7_14","7~14"
68,0.1681298166513443,0,0.5,0,0.4988624155521393,0,0,3,-7.783999919891357,50,326,0,"7_14","7~14"
69,0.19860129058361053,0,0.6666666865348816,0.3333333432674408,0.6641590595245361,0,0,4.333333492279053,-9.893000602722168,66.66666412353516,326,0,"7_14","7~14"
70,0.21521559357643127,0,0.800000011920929,0.6000000238418579,0.7967413663864136,0,0,5.400000095367432,-11.710800170898438,80,326,0,"7_14","7~14"
71,0.3362596333026886,0,1,0,0.9977248311042786,0,0,6,-15.567999839782715,100,326,0,"7_14","7~14"
72,0.3362596333026886,0,1,0,0.9977248311042786,0,0,6,-15.567999839782715,100,326,0,"7_14","7~14"
73,0.3362596333026886,0,1,0,0.9977248311042786,0,0,6,-15.567999839782715,100,326,0,"7_14","7~14"
74,0.3362596333026886,0,1,0,0.9977248311042786,0,0,6,-15.567999839782715,100,326,0,"7_14","7~14"
75,0.3362596333026886,0,1,0,0.9977248311042786,0,0,6,-15.567999839782715,100,326,0,"7_14","7~14"
76,0.3362596333026886,0,1,0,0.9977248311042786,0,0,6,-15.567999839782715,100,326,0,"7_14","7~14"
77,0.3362596333026886,0,1,0,0.9977248311042786,0,0,6,-15.567999839782715,100,326,0,"7_14","7~14"
78,0.28620535135269165,0,1,0,0.9982213377952576,0,0,5.5,-16.066999435424805,100,326,0,"7_14","7~14"
79,0.3362596333026886,0,1,0,0.9977248311042786,0,0,6,-15.567999839782715,100,326,0,"7_14","7~14"
80,0.30506980419158936,0,1,0,0.9981522560119629,0,0,5.5,-15.97800064086914,100,326,0,"7_14","7~14"
81,0.3362596333026886,0,1,0,0.9977248311042786,0,0,6,-15.567999839782715,100,326,0,"7_14","7~14"
82,0.3362596333026886,0,1,0,0.9977248311042786,0,0,6,-15.567999839782715,100,326,0,"7_14","7~14"
83,0.30506980419158936,0,1,0,0.9981522560119629,0,0,5.5,-15.97800064086914,100,326,0,"7_14","7~14"
84,0.3362596333026886,0,1,0,0.9977248311042786,0,0,6,-15.567999839782715,100,326,0,"7_14","7~14"
85,0.3362596333026886,0,1,0,0.9977248311042786,0,0,6,-15.567999839782715,100,326,0,"7_14","7~14"
86,0.1681298166513443,0,0.5,0,0.4988624155521393,0,0,3,-7.783999919891357,50,326,0,"7_14","7~14"
87,0.3362596333026886,0,1,0,0.9977248311042786,0,0,6,-15.567999839782715,100,326,0,"7_14","7~14"
88,0.3051992654800415,0,1,0,0.9977939128875732,0,0,6,-15.622499465942383,100,327,0,"7_14","7~14"
89,0.2979019284248352,0,1,0.5,0.9962385892868042,0,0,6.5,-14.839500427246094,100,327,0,"7_14","7~14"
90,0.3362596333026886,0,1,0,0.9977248311042786,0,0,6,-15.567999839782715,100,327,0,"7_14","7~14"
91,0.3362596333026886,0,1,0,0.9977248311042786,0,0,6,-15.567999839782715,100,327,0,"7_14","7~14"
92,0.2979019284248352,0,1,0.5,0.9962385892868042,0,0,6.5,-14.839500427246094,100,327,0,"7_14","7~14"
93,0.1681298166513443,0,0.5,0,0.4988624155521393,0,0,3,-7.783999919891357,50,327,0,"7_14","7~14"
94,0.3362596333026886,0,1,0,0.9977248311042786,0,0,6,-15.567999839782715,100,327,0,"7_14","7~14"
95,0.3362596333026886,0,1,0,0.9977248311042786,0,0,6,-15.567999839782715,100,327,0,"7_14","7~14"
96,0.3362596333026886,0,1,0,0.9977248311042786,0,0,6,-15.567999839782715,100,327,0,"7_14","7~14"
97,0.3362596333026886,0,1,0,0.9977248311042786,0,0,6,-15.567999839782715,100,327,0,"7_14","7~14"
98,0.3362596333026886,0,1,0,0.9977248311042786,0,0,6,-15.567999839782715,100,327,0,"7_14","7~14"
99,0.3362596333026886,0,1,0,0.9977248311042786,0,0,6,-15.567999839782715,100,327,0,"7_14","7~14"
100,0.3362596333026886,0,1,0,0.9977248311042786,0,0,6,-15.567999839782715,100,327,0,"7_14","7~14"
101,0.3362596333026886,0,1,0,0.9977248311042786,0,0,6,-15.567999839782715,100,327,0,"7_14","7~14"
102,0.3362596333026886,0,1,0,0.9977248311042786,0,0,6,-15.567999839782715,100,327,0,"7_14","7~14"
103,0.1681298166513443,0,0.5,0,0.4988624155521393,0,0,3,-7.783999919891357,50,327,0,"7_14","7~14"
104,0.3362596333026886,0,1,0,0.9977248311042786,0,0,6,-15.567999839782715,100,327,0,"7_14","7~14"
105,0.3362596333026886,0,1,0,0.9977248311042786,0,0,6,-15.567999839782715,100,327,0,"7_14","7~14"
106,0.3051992654800415,0,1,0,0.9977939128875732,0,0,6,-15.622499465942383,100,327,0,"7_14","7~14"
107,0.3362596333026886,0,1,0,0.9977248311042786,0,0,6,-15.567999839782715,100,327,0,"7_14","7~14"
108,0.3362596333026886,0,1,0,0.9977248311042786,0,0,6,-15.567999839782715,100,327,0,"7_14","7~14"
109,0.3362596333026886,0,1,0,0.9977248311042786,0,0,6,-15.567999839782715,100,327,0,"7_14","7~14"
110,0.3362596333026886,0,1,0,0.9977248311042786,0,0,6,-15.567999839782715,100,327,0,"7_14","7~14"
111,0.3362596333026886,0,1,0,0.9977248311042786,0,0,6,-15.567999839782715,100,327,0,"7_14","7~14"
112,0.3362596333026886,0,1,0,0.9977248311042786,0,0,6,-15.567999839782715,100,327,0,"7_14","7~14"
113,0.3362596333026886,0,1,0,0.9977248311042786,0,0,6,-15.567999839782715,100,327,0,"7_14","7~14"
114,0.3362596333026886,0,1,0,0.9977248311042786,0,0,6,-15.567999839782715,100,327,0,"7_14","7~14"
115,0.3362596333026886,0,1,0,0.9977248311042786,0,0,6,-15.567999839782715,100,327,0,"7_14","7~14"
116,0.3362596333026886,0,1,0,0.9977248311042786,0,0,6,-15.567999839782715,100,327,0,"7_14","7~14"
117,0.3362596333026886,0,1,0,0.9977248311042786,0,0,6,-15.567999839782715,100,327,0,"7_14","7~14"
118,0.3362596333026886,0,1,0,0.9977248311042786,0,0,6,-15.567999839782715,100,327,0,"7_14","7~14"
119,0.3362596333026886,0,1,0,0.9977248311042786,0,0,6,-15.567999839782715,100,327,0,"7_14","7~14"
120,0.3362596333026886,0,1,0,0.9977248311042786,0,0,6,-15.567999839782715,100,327,0,"7_14","7~14"
121,0.1681298166513443,0,0.5,0,0.4988624155521393,0,0,3,-7.783999919891357,50,327,0,"7_14","7~14"
122,0.3362596333026886,0,1,0,0.9977248311042786,0,0,6,-15.567999839782715,100,327,0,"7_14","7~14"
123,0.3362596333026886,0,1,0,0.9977248311042786,0,0,6,-15.567999839782715,100,327,0,"7_14","7~14"
124,0.3362596333026886,0,1,0,0.9977248311042786,0,0,6,-15.567999839782715,100,327,0,"7_14","7~14"
125,0.32142311334609985,0.5,1,0.5,0.9958487749099731,0,0.5,6.5,-14.718500137329102,100,328,0,"7_14","7~14"
126,0.19704405963420868,0,0.6666666865348816,0.3333333432674408,0.6632542610168457,0,0,5,-9.65000057220459,66.66666412353516,329,0,"7_14","7~14"
127,0.3362596333026886,0,1,0,0.9977248311042786,0,0,6,-15.567999839782715,100,329,0,"7_14","7~14"
128,0.3362596333026886,0,1,0,0.9977248311042786,0,0,6,-15.567999839782715,100,329,0,"7_14","7~14"
129,0.3362596333026886,0,1,0,0.9977248311042786,0,0,6,-15.567999839782715,100,329,0,"7_14","7~14"
130,0.08406490832567215,0,0.5,0,0.2627412676811218,0,0,3,-3.8919999599456787,50,330,0,"7_14","7~14"
131,0.3362596333026886,0,1,0,0.9977248311042786,0,0,6,-15.567999839782715,100,330,0,"7_14","7~14"
132,0.0722322016954422,0,0.25,0,0.2495550513267517,0,0,1.375,-4.0163750648498535,25,330,0,"7_14","7~14"
133,0.19674904644489288,0,0.6666666865348816,0,0.6649863719940186,0,0,4,-10.26533317565918,66.66666412353516,331,0,"7_14","7~14"
134,0.3362596333026886,0,1,0,0.9977248311042786,0,0,6,-15.567999839782715,100,331,0,"7_14","7~14"
135,0.3362596333026886,0,1,0,0.9977248311042786,0,0,6,-15.567999839782715,100,331,0,"7_14","7~14"
136,0.3362596333026886,0,1,0,0.9977248311042786,0,0,6,-15.567999839782715,100,331,0,"7_14","7~14"
137,0.3362596333026886,0,1,0,0.9977248311042786,0,0,6,-15.567999839782715,100,331,0,"7_14","7~14"
138,0.3362596333026886,0,1,0,0.9977248311042786,0,0,6,-15.567999839782715,100,331,0,"7_14","7~14"
139,0.3362596333026886,0,1,0,0.9977248311042786,0,0,6,-15.567999839782715,100,331,0,"7_14","7~14"
140,0.3362596333026886,0,1,0,0.9977248311042786,0,0,6,-15.567999839782715,100,331,0,"7_14","7~14"
141,0.3362596333026886,0,1,0,0.9977248311042786,0,0,6,-15.567999839782715,100,331,0,"7_14","7~14"
142,0.3362596333026886,0,1,0,0.9977248311042786,0,0,6,-15.567999839782715,100,331,0,"7_14","7~14"
143,0.3362596333026886,0,1,0,0.9977248311042786,0,0,6,-15.567999839782715,100,331,0,"7_14","7~14"
144,0.3362596333026886,0,1,0,0.9977248311042786,0,0,6,-15.567999839782715,100,331,0,"7_14","7~14"
145,0.3362596333026886,0,1,0,0.9977248311042786,0,0,6,-15.567999839782715,100,331,0,"7_14","7~14"
146,0.3362596333026886,0,1,0,0.9977248311042786,0,0,6,-15.567999839782715,100,331,0,"7_14","7~14"
147,0.3362596333026886,0,1,0,0.9977248311042786,0,0,6,-15.567999839782715,100,331,0,"7_14","7~14"
148,0.3362596333026886,0,1,0,0.9977248311042786,0,0,6,-15.567999839782715,100,331,0,"7_14","7~14"
149,0.3362596333026886,0,1,0,0.9977248311042786,0,0,6,-15.567999839782715,100,331,0,"7_14","7~14"
150,0.3362596333026886,0,1,0,0.9977248311042786,0,0,6,-15.567999839782715,100,331,0,"7_14","7~14"
151,0.3362596333026886,0,1,0,0.9977248311042786,0,0,6,-15.567999839782715,100,331,0,"7_14","7~14"
152,0.3362596333026886,0,1,0,0.9977248311042786,0,0,6,-15.567999839782715,100,331,0,"7_14","7~14"
153,0.3362596333026886,0,1,0,0.9977248311042786,0,0,6,-15.567999839782715,100,331,0,"7_14","7~14"
154,0.3362596333026886,0,1,0,0.9977248311042786,0,0,6,-15.567999839782715,100,331,0,"7_14","7~14"
155,0.3362596333026886,0,1,0,0.9977248311042786,0,0,6,-15.567999839782715,100,331,0,"7_14","7~14"
156,0.3362596333026886,0,1,0,0.9977248311042786,0,0,6,-15.567999839782715,100,331,0,"7_14","7~14"
157,0.3362596333026886,0,1,0,0.9977248311042786,0,0,6,-15.567999839782715,100,331,0,"7_14","7~14"
158,0.3362596333026886,0,1,0,0.9977248311042786,0,0,6,-15.567999839782715,100,331,0,"7_14","7~14"
159,0.3362596333026886,0,1,0,0.9977248311042786,0,0,6,-15.567999839782715,100,331,0,"7_14","7~14"
160,0.3362596333026886,0,1,0,0.9977248311042786,0,0,6,-15.567999839782715,100,331,0,"7_14","7~14"
161,0.3362596333026886,0,1,0,0.9977248311042786,0,0,6,-15.567999839782715,100,331,0,"7_14","7~14"
162,0.3362596333026886,0,1,0,0.9977248311042786,0,0,6,-15.567999839782715,100,331,0,"7_14","7~14"
163,0.3362596333026886,0,1,0,0.9977248311042786,0,0,6,-15.567999839782715,100,331,0,"7_14","7~14"
164,0.3362596333026886,0,1,0,0.9977248311042786,0,0,6,-15.567999839782715,100,331,0,"7_14","7~14"
165,0.3362596333026886,0,1,0,0.9977248311042786,0,0,6,-15.567999839782715,100,331,0,"7_14","7~14"
166,0.3362596333026886,0,1,0,0.9977248311042786,0,0,6,-15.567999839782715,100,331,0,"7_14","7~14"
167,0.3362596333026886,0,1,0,0.9977248311042786,0,0,6,-15.567999839782715,100,331,0,"7_14","7~14"
168,0.3362596333026886,0,1,0,0.9977248311042786,0,0,6,-15.567999839782715,100,331,0,"7_14","7~14"
169,0.3362596333026886,0,1,0,0.9977248311042786,0,0,6,-15.567999839782715,100,331,0,"7_14","7~14"
170,0.3362596333026886,0,1,0,0.9977248311042786,0,0,6,-15.567999839782715,100,331,0,"7_14","7~14"
171,0.3362596333026886,0,1,0,0.9977248311042786,0,0,6,-15.567999839782715,100,331,0,"7_14","7~14"
172,0.3362596333026886,0,1,0,0.9977248311042786,0,0,6,-15.567999839782715,100,331,0,"7_14","7~14"
173,0.20337986946105957,0,0.6666666865348816,0,0.6654348373413086,0,0,3.6666667461395264,-10.652000427246094,66.66666412353516,331,0,"7_14","7~14"
174,0.3362596333026886,0,1,0,0.9977248311042786,0,0,6,-15.567999839782715,100,331,0,"7_14","7~14"
175,0.3362596333026886,0,1,0,0.9977248311042786,0,0,6,-15.567999839782715,100,331,0,"7_14","7~14"
176,0.3362596333026886,0,1,0,0.9977248311042786,0,0,6,-15.567999839782715,100,331,0,"7_14","7~14"
177,0.3362596333026886,0,1,0,0.9977248311042786,0,0,6,-15.567999839782715,100,331,0,"7_14","7~14"
178,0.3362596333026886,0,1,0,0.9977248311042786,0,0,6,-15.567999839782715,100,331,0,"7_14","7~14"
179,0.3362596333026886,0,1,0,0.9977248311042786,0,0,6,-15.567999839782715,100,331,0,"7_14","7~14"
180,0.3362596333026886,0,1,0,0.9977248311042786,0,0,6,-15.567999839782715,100,331,0,"7_14","7~14"
181,0.3362596333026886,0,1,0,0.9977248311042786,0,0,6,-15.567999839782715,100,331,0,"7_14","7~14"
182,0.3362596333026886,0,1,0,0.9977248311042786,0,0,6,-15.567999839782715,100,331,0,"7_14","7~14"
183,0.3362596333026886,0,1,0,0.9977248311042786,0,0,6,-15.567999839782715,100,331,0,"7_14","7~14"
184,0.3362596333026886,0,1,0,0.9977248311042786,0,0,6,-15.567999839782715,100,331,0,"7_14","7~14"
185,0.3362596333026886,0,1,0,0.9977248311042786,0,0,6,-15.567999839782715,100,331,0,"7_14","7~14"
186,0.3362596333026886,0,1,0,0.9977248311042786,0,0,6,-15.567999839782715,100,331,0,"7_14","7~14"
187,0.3362596333026886,0,1,0,0.9977248311042786,0,0,6,-15.567999839782715,100,331,0,"7_14","7~14"
188,0.3362596333026886,0,1,0,0.9977248311042786,0,0,6,-15.567999839782715,100,331,0,"7_14","7~14"
189,0.3362596333026886,0,1,0,0.9977248311042786,0,0,6,-15.567999839782715,100,331,0,"7_14","7~14"
190,0.3362596333026886,0,1,0,0.9977248311042786,0,0,6,-15.567999839782715,100,331,0,"7_14","7~14"
191,0.3362596333026886,0,1,0,0.9977248311042786,0,0,6,-15.567999839782715,100,331,0,"7_14","7~14"
192,0.3362596333026886,0,1,0,0.9977248311042786,0,0,6,-15.567999839782715,100,331,0,"7_14","7~14"
193,0.3362596333026886,0,1,0,0.9977248311042786,0,0,6,-15.567999839782715,100,331,0,"7_14","7~14"
194,0.3362596333026886,0,1,0,0.9977248311042786,0,0,6,-15.567999839782715,100,331,0,"7_14","7~14"
195,0.3362596333026886,0,1,0,0.9977248311042786,0,0,6,-15.567999839782715,100,331,0,"7_14","7~14"
196,0.3362596333026886,0,1,0,0.9977248311042786,0,0,6,-15.567999839782715,100,331,0,"7_14","7~14"
197,0.3362596333026886,0,1,0,0.9977248311042786,0,0,6,-15.567999839782715,100,331,0,"7_14","7~14"
198,0.3362596333026886,0,1,0,0.9977248311042786,0,0,6,-15.567999839782715,100,331,0,"7_14","7~14"
199,0.3362596333026886,0,1,0,0.9977248311042786,0,0,6,-15.567999839782715,100,331,0,"7_14","7~14"
0,0.20838844776153564,0.5686274766921997,0.7843137383460999,0.6666666865348816,0.7462010383605957,0.16979388892650604,0,7.156862735748291,-9.774020195007324,78.4313735961914,40,0.077876515686512,"7_15","7~15"
1,0.2349483072757721,0.25925925374031067,0.9012345671653748,0.8271604776382446,0.7183190584182739,0.023227157071232796,0.2839506268501282,9.296296119689941,-7.690530776977539,90.12345886230469,113,0,"7_15","7~15"
2,0.025058913975954056,0.04477611929178238,0.11940298229455948,0,0.11914493143558502,0.014297645539045334,0,0.447761207818985,-1.9318360090255737,11.940298080444336,121,0,"7_15","7~15"
3,0.07248727977275848,0.1304347813129425,0.29347825050354004,0.1304347813129425,0.3238913118839264,0.24097910523414612,0.31521740555763245,2.11956524848938,-4.784401893615723,32.60869598388672,151,0.04292648285627365,"7_15","7~15"
4,0.12510952353477478,0.3255814015865326,0.4883720874786377,0.13953489065170288,0.4882493019104004,0.30997389554977417,0.1627907007932663,2.930232524871826,-7.633604526519775,51.16279220581055,173,0.09201963245868683,"7_15","7~15"
5,0.053958140313625336,0.1764705926179886,0.19607843458652496,0.1568627506494522,0.18220572173595428,0.16598357260227203,0.19607843458652496,1.4117647409439087,-2.610823631286621,19.60784339904785,183,0.1357613056898117,"7_15","7~15"
6,0.10617001354694366,0.38297873735427856,0.38297873735427856,0.3404255211353302,0.37884047627449036,0.1447562575340271,0.1702127605676651,3,-5.139255046844482,38.29787063598633,201,0.10538437217473984,"7_15","7~15"
7,0.1967296004295349,0.7307692170143127,0.7307692170143127,0.7307692170143127,0.5798178911209106,0.3028729259967804,0.4038461446762085,8.230769157409668,-5.903173446655273,73.07691955566406,238,0.29394829273223877,"7_15","7~15"
8,0.1947183907032013,0.625,0.71875,0.71875,0.7111588716506958,0.2771602272987366,0.1875,6.53125,-9.324812889099121,71.875,257,0.2174336165189743,"7_15","7~15"
9,0.18837785720825195,0.6666666865348816,0.5625,0.5416666865348816,0.35199734568595886,0.3841259479522705,0.6458333134651184,8.333333015441895,1.0435622930526733,66.66666412353516,283,0.16818512976169586,"7_15","7~15"
10,0.07101280987262726,0.265625,0.234375,0.265625,0.27494844794273376,0.2607072591781616,0.265625,2.296875,-3.5367655754089355,28.125,298,0.16634692251682281,"7_15","7~15"
11,0.12619763612747192,0.3877550959587097,0.4693877696990967,0.4285714328289032,0.4598464071750641,0.2803614139556885,0.3265306055545807,4.2040815353393555,-6.206591606140137,46.93877410888672,318,0.17803612351417542,"7_15","7~15"
12,0.1451563984155655,0.6470588445663452,0.6470588445663452,0.529411792755127,0.6284126043319702,0.6139742136001587,0.47058823704719543,4.823529243469238,-8.164294242858887,64.70587921142578,326,0.34310322999954224,"7_15","7~15"
13,0.213821142911911,0.8709677457809448,0.8709677457809448,0.8709677457809448,0.7740094065666199,0.6962605714797974,0.7096773982048035,8.096774101257324,-9.630321502685547,87.09677124023438,343,0.4646317958831787,"7_15","7~15"
14,0.15563666820526123,0.5925925970077515,0.6296296119689941,0.48148149251937866,0.6172915101051331,0.5645509362220764,0.5185185074806213,5.44444465637207,-8.203296661376953,62.96296310424805,356,0.32643628120422363,"7_15","7~15"
15,0.1770004779100418,0.761904776096344,0.761904776096344,0.761904776096344,0.6853650808334351,0.5694306492805481,0.761904776096344,7.666666507720947,-7.996999263763428,76.19047546386719,370,0.5068302750587463,"7_15","7~15"
16,0.11939826607704163,0.2926829159259796,0.4878048896789551,0.4878048896789551,0.370735228061676,0.2523338794708252,0.47560974955558777,5.52439022064209,-2.839902639389038,48.780487060546875,410,0.17825010418891907,"7_15","7~15"
17,0.13054583966732025,0.53125,0.5625,0.5625,0.3488040566444397,0.3659740090370178,0.53125,5.625,-2.0169687271118164,56.25,425,0.24980531632900238,"7_15","7~15"
18,0.20579545199871063,0.75,0.8333333134651184,0.8333333134651184,0.7168038487434387,0.6103368997573853,0.8333333134651184,8.80555534362793,-8.476972579956055,83.33333587646484,452,0.5212717056274414,"7_15","7~15"
19,0.020782997831702232,0.054347824305295944,0.07608695328235626,0.06521739065647125,0.07166595011949539,0.0315176397562027,0,0.6304348111152649,-0.9157500267028809,7.6086955070495605,459,0.010662948712706566,"7_15","7~15"
20,0.0034881960600614548,0.012195121496915817,0.012195121496915817,0.012195121496915817,0.012085532769560814,0.011564088985323906,0.012195121496915817,0.10975609719753265,-0.16060975193977356,1.2195122241973877,460,0.01200707908719778,"7_15","7~15"
21,0.0369124561548233,0.10000000149011612,0.13333334028720856,0.13333334028720856,0.1131763905286789,0.11056594550609589,0.11666666716337204,1.399999976158142,-0.47593334317207336,13.333333015441895,467,0.06502172350883484,"7_15","7~15"
22,0.05215747281908989,0.17741934955120087,0.20967741310596466,0.20967741310596466,0.20013931393623352,0.1933385133743286,0.11290322244167328,2.112903118133545,-2.5010969638824463,20.967741012573242,475,0.09499920159578323,"7_15","7~15"
23,0.010856005363166332,0.043478261679410934,0.043478261679410934,0.043478261679410934,0.04261265695095062,0.03980381414294243,0,0.3695652186870575,-0.5118478536605835,4.34782600402832,476,0.02143002301454544,"7_15","7~15"
24,0.007496105041354895,0,0.02500000037252903,0.02500000037252903,0.024800490587949753,0.02409929409623146,0,0.20000000298023224,-0.33445000648498535,2.5,477,0,"7_15","7~15"
25,0,0,0,0,0,0,0,0,0,0,477,0,"7_15","7~15"
26,0,0,0,0,0,0,0,0,0,0,477,0,"7_15","7~15"
27,0,0,0,0,0,0,0,0,0,0,477,0,"7_15","7~15"
28,0,0,0,0,0,0,0,0,0,0,477,0,"7_15","7~15"
29,0,0,0,0,0,0,0,0,0,0,477,0,"7_15","7~15"
30,0,0,0,0,0,0,0,0,0,0,477,0,"7_15","7~15"
31,0,0,0,0,0,0,0,0,0,0,477,0,"7_15","7~15"
32,0,0,0,0,0,0,0,0,0,0,477,0,"7_15","7~15"
33,0,0,0,0,0,0,0,0,0,0,477,0,"7_15","7~15"
34,0,0,0,0,0,0,0,0,0,0,477,0,"7_15","7~15"
35,0,0,0,0,0,0,0,0,0,0,477,0,"7_15","7~15"
36,0,0,0,0,0,0,0,0,0,0,477,0,"7_15","7~15"
37,0,0,0,0,0,0,0,0,0,0,477,0,"7_15","7~15"
38,0,0,0,0,0,0,0,0,0,0,477,0,"7_15","7~15"
39,0,0,0,0,0,0,0,0,0,0,477,0,"7_15","7~15"
40,0,0,0,0,0,0,0,0,0,0,477,0,"7_15","7~15"
41,0,0,0,0,0,0,0,0,0,0,477,0,"7_15","7~15"
42,0,0,0,0,0,0,0,0,0,0,477,0,"7_15","7~15"
43,0,0,0,0,0,0,0,0,0,0,477,0,"7_15","7~15"
44,0,0,0,0,0,0,0,0,0,0,477,0,"7_15","7~15"
45,0,0,0,0,0,0,0,0,0,0,477,0,"7_15","7~15"
46,0,0,0,0,0,0,0,0,0,0,477,0,"7_15","7~15"
47,0,0,0,0,0,0,0,0,0,0,477,0,"7_15","7~15"
48,0,0,0,0,0,0,0,0,0,0,477,0,"7_15","7~15"
49,0,0,0,0,0,0,0,0,0,0,477,0,"7_15","7~15"
50,0,0,0,0,0,0,0,0,0,0,477,0,"7_15","7~15"
51,0,0,0,0,0,0,0,0,0,0,477,0,"7_15","7~15"
52,0,0,0,0,0,0,0,0,0,0,477,0,"7_15","7~15"
53,0,0,0,0,0,0,0,0,0,0,477,0,"7_15","7~15"
54,0,0,0,0,0,0,0,0,0,0,477,0,"7_15","7~15"
55,0,0,0,0,0,0,0,0,0,0,477,0,"7_15","7~15"
56,0,0,0,0,0,0,0,0,0,0,477,0,"7_15","7~15"
57,0,0,0,0,0,0,0,0,0,0,477,0,"7_15","7~15"
58,0,0,0,0,0,0,0,0,0,0,477,0,"7_15","7~15"
59,0,0,0,0,0,0,0,0,0,0,477,0,"7_15","7~15"
60,0,0,0,0,0,0,0,0,0,0,477,0,"7_15","7~15"
61,0,0,0,0,0,0,0,0,0,0,477,0,"7_15","7~15"
62,0,0,0,0,0,0,0,0,0,0,477,0,"7_15","7~15"
63,0,0,0,0,0,0,0,0,0,0,477,0,"7_15","7~15"
64,0,0,0,0,0,0,0,0,0,0,477,0,"7_15","7~15"
65,0,0,0,0,0,0,0,0,0,0,477,0,"7_15","7~15"
66,0,0,0,0,0,0,0,0,0,0,477,0,"7_15","7~15"
67,0,0,0,0,0,0,0,0,0,0,477,0,"7_15","7~15"
68,0,0,0,0,0,0,0,0,0,0,477,0,"7_15","7~15"
69,0,0,0,0,0,0,0,0,0,0,477,0,"7_15","7~15"
70,0,0,0,0,0,0,0,0,0,0,477,0,"7_15","7~15"
71,0,0,0,0,0,0,0,0,0,0,477,0,"7_15","7~15"
72,0,0,0,0,0,0,0,0,0,0,477,0,"7_15","7~15"
73,0,0,0,0,0,0,0,0,0,0,477,0,"7_15","7~15"
74,0,0,0,0,0,0,0,0,0,0,477,0,"7_15","7~15"
75,0,0,0,0,0,0,0,0,0,0,477,0,"7_15","7~15"
76,0,0,0,0,0,0,0,0,0,0,477,0,"7_15","7~15"
77,0,0,0,0,0,0,0,0,0,0,477,0,"7_15","7~15"
78,0,0,0,0,0,0,0,0,0,0,477,0,"7_15","7~15"
79,0,0,0,0,0,0,0,0,0,0,477,0,"7_15","7~15"
80,0,0,0,0,0,0,0,0,0,0,477,0,"7_15","7~15"
81,0,0,0,0,0,0,0,0,0,0,477,0,"7_15","7~15"
82,0,0,0,0,0,0,0,0,0,0,477,0,"7_15","7~15"
83,0,0,0,0,0,0,0,0,0,0,477,0,"7_15","7~15"
84,0,0,0,0,0,0,0,0,0,0,477,0,"7_15","7~15"
85,0,0,0,0,0,0,0,0,0,0,477,0,"7_15","7~15"
86,0,0,0,0,0,0,0,0,0,0,477,0,"7_15","7~15"
87,0,0,0,0,0,0,0,0,0,0,477,0,"7_15","7~15"
88,0,0,0,0,0,0,0,0,0,0,477,0,"7_15","7~15"
89,0,0,0,0,0,0,0,0,0,0,477,0,"7_15","7~15"
90,0,0,0,0,0,0,0,0,0,0,477,0,"7_15","7~15"
91,0,0,0,0,0,0,0,0,0,0,477,0,"7_15","7~15"
92,0,0,0,0,0,0,0,0,0,0,477,0,"7_15","7~15"
93,0,0,0,0,0,0,0,0,0,0,477,0,"7_15","7~15"
94,0,0,0,0,0,0,0,0,0,0,477,0,"7_15","7~15"
95,0,0,0,0,0,0,0,0,0,0,477,0,"7_15","7~15"
96,0,0,0,0,0,0,0,0,0,0,477,0,"7_15","7~15"
97,0,0,0,0,0,0,0,0,0,0,477,0,"7_15","7~15"
98,0,0,0,0,0,0,0,0,0,0,477,0,"7_15","7~15"
99,0,0,0,0,0,0,0,0,0,0,477,0,"7_15","7~15"
100,0,0,0,0,0,0,0,0,0,0,477,0,"7_15","7~15"
101,0,0,0,0,0,0,0,0,0,0,477,0,"7_15","7~15"
102,0,0,0,0,0,0,0,0,0,0,477,0,"7_15","7~15"
103,0,0,0,0,0,0,0,0,0,0,477,0,"7_15","7~15"
104,0,0,0,0,0,0,0,0,0,0,477,0,"7_15","7~15"
105,0,0,0,0,0,0,0,0,0,0,477,0,"7_15","7~15"
106,0,0,0,0,0,0,0,0,0,0,477,0,"7_15","7~15"
107,0,0,0,0,0,0,0,0,0,0,477,0,"7_15","7~15"
108,0,0,0,0,0,0,0,0,0,0,477,0,"7_15","7~15"
109,0,0,0,0,0,0,0,0,0,0,477,0,"7_15","7~15"
110,0,0,0,0,0,0,0,0,0,0,477,0,"7_15","7~15"
111,0,0,0,0,0,0,0,0,0,0,477,0,"7_15","7~15"
112,0,0,0,0,0,0,0,0,0,0,477,0,"7_15","7~15"
113,0,0,0,0,0,0,0,0,0,0,477,0,"7_15","7~15"
114,0,0,0,0,0,0,0,0,0,0,477,0,"7_15","7~15"
115,0,0,0,0,0,0,0,0,0,0,477,0,"7_15","7~15"
116,0,0,0,0,0,0,0,0,0,0,477,0,"7_15","7~15"
117,0,0,0,0,0,0,0,0,0,0,477,0,"7_15","7~15"
118,0,0,0,0,0,0,0,0,0,0,477,0,"7_15","7~15"
119,0,0,0,0,0,0,0,0,0,0,477,0,"7_15","7~15"
120,0,0,0,0,0,0,0,0,0,0,477,0,"7_15","7~15"
121,0,0,0,0,0,0,0,0,0,0,477,0,"7_15","7~15"
122,0,0,0,0,0,0,0,0,0,0,477,0,"7_15","7~15"
123,0,0,0,0,0,0,0,0,0,0,477,0,"7_15","7~15"
124,0,0,0,0,0,0,0,0,0,0,477,0,"7_15","7~15"
125,0,0,0,0,0,0,0,0,0,0,477,0,"7_15","7~15"
126,0,0,0,0,0,0,0,0,0,0,477,0,"7_15","7~15"
127,0,0,0,0,0,0,0,0,0,0,477,0,"7_15","7~15"
128,0,0,0,0,0,0,0,0,0,0,477,0,"7_15","7~15"
129,0,0,0,0,0,0,0,0,0,0,477,0,"7_15","7~15"
130,0,0,0,0,0,0,0,0,0,0,477,0,"7_15","7~15"
131,0,0,0,0,0,0,0,0,0,0,477,0,"7_15","7~15"
132,0,0,0,0,0,0,0,0,0,0,477,0,"7_15","7~15"
133,0,0,0,0,0,0,0,0,0,0,477,0,"7_15","7~15"
134,0,0,0,0,0,0,0,0,0,0,477,0,"7_15","7~15"
135,0,0,0,0,0,0,0,0,0,0,477,0,"7_15","7~15"
136,0,0,0,0,0,0,0,0,0,0,477,0,"7_15","7~15"
137,0,0,0,0,0,0,0,0,0,0,477,0,"7_15","7~15"
138,0,0,0,0,0,0,0,0,0,0,477,0,"7_15","7~15"
139,0,0,0,0,0,0,0,0,0,0,477,0,"7_15","7~15"
140,0,0,0,0,0,0,0,0,0,0,477,0,"7_15","7~15"
141,0,0,0,0,0,0,0,0,0,0,477,0,"7_15","7~15"
142,0,0,0,0,0,0,0,0,0,0,477,0,"7_15","7~15"
143,0,0,0,0,0,0,0,0,0,0,477,0,"7_15","7~15"
144,0,0,0,0,0,0,0,0,0,0,477,0,"7_15","7~15"
145,0,0,0,0,0,0,0,0,0,0,477,0,"7_15","7~15"
146,0,0,0,0,0,0,0,0,0,0,477,0,"7_15","7~15"
147,0,0,0,0,0,0,0,0,0,0,477,0,"7_15","7~15"
148,0,0,0,0,0,0,0,0,0,0,477,0,"7_15","7~15"
149,0,0,0,0,0,0,0,0,0,0,477,0,"7_15","7~15"
150,0,0,0,0,0,0,0,0,0,0,477,0,"7_15","7~15"
151,0,0,0,0,0,0,0,0,0,0,477,0,"7_15","7~15"
152,0,0,0,0,0,0,0,0,0,0,477,0,"7_15","7~15"
153,0,0,0,0,0,0,0,0,0,0,477,0,"7_15","7~15"
154,0,0,0,0,0,0,0,0,0,0,477,0,"7_15","7~15"
155,0,0,0,0,0,0,0,0,0,0,477,0,"7_15","7~15"
156,0,0,0,0,0,0,0,0,0,0,477,0,"7_15","7~15"
157,0,0,0,0,0,0,0,0,0,0,477,0,"7_15","7~15"
158,0,0,0,0,0,0,0,0,0,0,477,0,"7_15","7~15"
159,0,0,0,0,0,0,0,0,0,0,477,0,"7_15","7~15"
160,0,0,0,0,0,0,0,0,0,0,477,0,"7_15","7~15"
161,0,0,0,0,0,0,0,0,0,0,477,0,"7_15","7~15"
162,0,0,0,0,0,0,0,0,0,0,477,0,"7_15","7~15"
163,0,0,0,0,0,0,0,0,0,0,477,0,"7_15","7~15"
164,0,0,0,0,0,0,0,0,0,0,477,0,"7_15","7~15"
165,0,0,0,0,0,0,0,0,0,0,477,0,"7_15","7~15"
166,0,0,0,0,0,0,0,0,0,0,477,0,"7_15","7~15"
167,0,0,0,0,0,0,0,0,0,0,477,0,"7_15","7~15"
168,0,0,0,0,0,0,0,0,0,0,477,0,"7_15","7~15"
169,0,0,0,0,0,0,0,0,0,0,477,0,"7_15","7~15"
170,0,0,0,0,0,0,0,0,0,0,477,0,"7_15","7~15"
171,0,0,0,0,0,0,0,0,0,0,477,0,"7_15","7~15"
172,0,0,0,0,0,0,0,0,0,0,477,0,"7_15","7~15"
173,0,0,0,0,0,0,0,0,0,0,477,0,"7_15","7~15"
174,0,0,0,0,0,0,0,0,0,0,477,0,"7_15","7~15"
175,0,0,0,0,0,0,0,0,0,0,477,0,"7_15","7~15"
176,0,0,0,0,0,0,0,0,0,0,477,0,"7_15","7~15"
177,0,0,0,0,0,0,0,0,0,0,477,0,"7_15","7~15"
178,0,0,0,0,0,0,0,0,0,0,477,0,"7_15","7~15"
179,0,0,0,0,0,0,0,0,0,0,477,0,"7_15","7~15"
180,0,0,0,0,0,0,0,0,0,0,477,0,"7_15","7~15"
181,0,0,0,0,0,0,0,0,0,0,477,0,"7_15","7~15"
182,0,0,0,0,0,0,0,0,0,0,477,0,"7_15","7~15"
183,0,0,0,0,0,0,0,0,0,0,477,0,"7_15","7~15"
184,0,0,0,0,0,0,0,0,0,0,477,0,"7_15","7~15"
185,0,0,0,0,0,0,0,0,0,0,477,0,"7_15","7~15"
186,0,0,0,0,0,0,0,0,0,0,477,0,"7_15","7~15"
187,0,0,0,0,0,0,0,0,0,0,477,0,"7_15","7~15"
188,0,0,0,0,0,0,0,0,0,0,477,0,"7_15","7~15"
189,0,0,0,0,0,0,0,0,0,0,477,0,"7_15","7~15"
190,0,0,0,0,0,0,0,0,0,0,477,0,"7_15","7~15"
191,0,0,0,0,0,0,0,0,0,0,477,0,"7_15","7~15"
192,0,0,0,0,0,0,0,0,0,0,477,0,"7_15","7~15"
193,0,0,0,0,0,0,0,0,0,0,477,0,"7_15","7~15"
194,0,0,0,0,0,0,0,0,0,0,477,0,"7_15","7~15"
195,0,0,0,0,0,0,0,0,0,0,477,0,"7_15","7~15"
196,0,0,0,0,0,0,0,0,0,0,477,0,"7_15","7~15"
197,0,0,0,0,0,0,0,0,0,0,477,0,"7_15","7~15"
198,0,0,0,0,0,0,0,0,0,0,477,0,"7_15","7~15"
199,0,0,0,0,0,0,0,0,0,0,477,0,"7_15","7~15"
